"hour","local_time","n","slope","lwr","upr"
2026-05-29 03:00:00,2026-05-29 05:00:00,10,-0.387216722543608,-1.24710850779765,0.472675062710437
2026-05-29 04:00:00,2026-05-29 06:00:00,10,-0.270754653240668,-1.36384088948047,0.82233158299913
2026-05-29 05:00:00,2026-05-29 07:00:00,10,1.121239373091,-0.114371151200521,2.35684989738252
2026-05-29 06:00:00,2026-05-29 08:00:00,9,1.57657044433527,-0.0700315995555883,3.22317248822613
2026-05-29 07:00:00,2026-05-29 09:00:00,9,1.89375480674339,0.164734019669376,3.62277559381741
2026-05-29 08:00:00,2026-05-29 10:00:00,10,0.334405440604636,-1.47337245742521,2.14218333863448
2026-05-29 09:00:00,2026-05-29 11:00:00,9,0.918418176485335,-1.17935264866471,3.01618900163538
2026-05-29 10:00:00,2026-05-29 12:00:00,10,1.15457332771069,-0.383760664413506,2.69290731983489
2026-05-29 11:00:00,2026-05-29 13:00:00,10,1.11903768956029,-0.314679965577745,2.55275534469833
2026-05-29 12:00:00,2026-05-29 14:00:00,9,1.63949679079813,-0.52320663807896,3.80220021967522
2026-05-29 13:00:00,2026-05-29 15:00:00,9,0.914798862562353,-1.03485204953427,2.86444977465898
2026-05-29 14:00:00,2026-05-29 16:00:00,10,0.717102304894727,-0.751388782235758,2.18559339202521
2026-05-29 15:00:00,2026-05-29 17:00:00,10,0.75426881973454,-0.608001674561731,2.11653931403081
2026-05-29 16:00:00,2026-05-29 18:00:00,10,0.206748567740793,-0.62597721068124,1.03947434616283
2026-05-29 17:00:00,2026-05-29 19:00:00,10,0.429602042789545,-0.378136615122208,1.2373407007013
2026-05-29 18:00:00,2026-05-29 20:00:00,10,0.113695403490542,-0.189734681921508,0.417125488902592
