"site.name","hour","Temp","Wet.Bulb.Temp.","Globe.Temp","Rel..Hum.","Baro.","Altitude","Station.P.","Wind.Speed","Heat.Index","Dew.Point","Dens..Alt.","NA.WBGT","TWL","WBGT","Wind.Chill","Tmrt","UTCI","svf","time_mid","route","Crosswind","Headwind","Mag..Dir.","True.Dir.","site","local_time","t_local","period","ws_utci","UTCI_anom"
"courtyard",2026-05-29 03:00:00,9,7.54,8.76,81.66,1022.18,-76.26,1022.19,0,8.85,6.05,-275.19,7.59,320,7.98,8.95,8.75999999999999,10.4,0.642,2026-05-29 03:20:30,"park",NA,NA,NA,NA,"courtyard",2026-05-29 05:20:30,5.33333333333333,"morning",0.374662211060301,-0.949999999999999
"courtyard",2026-05-29 04:00:00,14.84,11.66,19.74,68.99,1022.47,-78.35,1022.47,0,14.11,9.19,-55.13,12.58,269.38,14.12,14.78,19.74,17.4,0.642,2026-05-29 04:20:30,"park",NA,NA,NA,NA,"courtyard",2026-05-29 06:20:30,6.33333333333333,"morning",0.374662211060301,2.7
"courtyard",2026-05-29 05:00:00,16.91,12.42,18.8,59.59,1022.5,-79.29,1022.58,0.39,15.62,8.98,17.65,12.44,290.47,14.09,16.85,21.4331565755821,18.8,0.642,2026-05-29 05:20:30,"park",NA,NA,NA,NA,"courtyard",2026-05-29 07:20:30,7.33333333333333,"morning",0.39,-1.48
"courtyard",2026-05-29 06:00:00,18.6,12.96,18.65,52.57,1022.41,-78,1022.42,0.55,16.97,8.72,79.26,13.28,320,14.87,18.55,18.7368781151596,18.5,0.642,2026-05-29 06:20:30,"park",NA,NA,NA,NA,"courtyard",2026-05-29 08:20:30,8.33333333333333,"morning",0.55,-6.53333333333333
"courtyard",2026-05-29 07:00:00,20.07,13.54,21.68,47.99,1022.28,-77.9,1022.34,1.15,18.86,8.73,132.26,13.92,320,16.07,20.02,25.8159416940468,20.5,0.642,2026-05-29 07:20:30,"park",NA,NA,NA,NA,"courtyard",2026-05-29 09:20:30,9.33333333333333,"morning",1.15,-5.47777777777778
"courtyard",2026-05-29 08:00:00,22.14,14.5,32.78,43.25,1022.17,-76.19,1022.18,1.6,21.35,9.06,207.74,17.17,292.16,20.75,22.1,59.5236676858331,30.5,0.642,2026-05-29 08:20:30,"park",NA,NA,NA,NA,"courtyard",2026-05-29 10:20:30,10.3333333333333,"morning",1.6,0.629999999999999
"courtyard",2026-05-29 09:00:00,24.09,15.16,35.74,38.1,1021.97,-74.35,1021.98,1.19,22.75,8.93,277.55,17.96,269.03,22.05,24.05,59.8861264594807,32.5,0.642,2026-05-29 09:20:30,"park",NA,NA,NA,NA,"courtyard",2026-05-29 11:20:30,11.3333333333333,"midday",1.19,2.21111111111111
"courtyard",2026-05-29 10:00:00,24.73,15.32,36.49,36.23,1021.84,-73.96,1021.88,1.7,23.16,8.76,299.92,18.21,270.79,22.48,24.66,65.7483149732574,33.5,0.642,2026-05-29 10:20:00,"park",NA,NA,NA,NA,"courtyard",2026-05-29 12:20:00,12.3333333333333,"midday",1.7,2.6
"courtyard",2026-05-29 11:00:00,26.46,15.84,38.82,32.15,1021.2,-67.74,1021.22,1.59,24.76,8.52,366.42,18.94,250.96,23.61,26.42,67.7757265374111,35.3,0.642,2026-05-29 11:20:30,"park",NA,NA,NA,NA,"courtyard",2026-05-29 13:20:30,13.3333333333333,"midday",1.59,2.94
"courtyard",2026-05-29 12:00:00,27.29,16.11,40.35,30.45,1020.43,-61.87,1020.44,1.69,25.45,8.41,402.23,19.45,238.57,24.36,27.24,71.3459819593733,36.6,0.642,2026-05-29 12:20:30,"park",NA,NA,NA,NA,"courtyard",2026-05-29 14:20:30,14.3333333333333,"midday",1.69,4.44444444444444
"courtyard",2026-05-29 13:00:00,28.94,17.3,40.15,30.53,1019.65,-55.77,1019.73,0.75,27.36,9.88,470.23,19.85,230.59,24.7,28.88,57.6011898626456,35.3,0.642,2026-05-29 13:20:30,"park",NA,NA,NA,NA,"courtyard",2026-05-29 15:20:30,15.3333333333333,"midday",0.75,4.14444444444444
"courtyard",2026-05-29 14:00:00,29.52,17.22,39.51,28.25,1019.46,-53.19,1019.47,0.56,27.82,9.22,490.81,19.59,231.49,24.45,29.46,52.8958942744612,34.5,0.642,2026-05-29 14:20:30,"park",NA,NA,NA,NA,"courtyard",2026-05-29 16:20:30,16.3333333333333,"afternoon",0.56,3.02
"courtyard",2026-05-29 15:00:00,28.45,16.81,37.12,29.87,1018.7,-47.84,1018.72,2.34,26.71,9.14,461.88,19.22,266.34,23.72,28.4,63.4602575116415,34.4,0.642,2026-05-29 15:20:00,"park",NA,NA,NA,NA,"courtyard",2026-05-29 17:20:00,17.3333333333333,"afternoon",2.34,4.33
"courtyard",2026-05-29 16:00:00,26.23,15.37,27.48,30.72,1018.04,-42.08,1018.04,0.82,24.4,7.64,388.44,16.22,308.96,19.44,26.2,29.97386939285,25.8,0.642,2026-05-29 16:20:00,"park",NA,NA,NA,NA,"courtyard",2026-05-29 18:20:00,18.3333333333333,"afternoon",0.82,-1.39
"courtyard",2026-05-29 17:00:00,26.34,15.6,26.3,31.2,1017.4,-36,1017.41,0.74,24.58,7.97,399.44,16.41,316.75,19.38,26.3,26.223092982833,24.9,0.642,2026-05-29 17:20:00,"park",NA,NA,NA,NA,"courtyard",2026-05-29 19:20:00,19.3333333333333,"afternoon",0.74,-1.73
"courtyard",2026-05-29 18:00:00,24.09,15.03,23.02,37.36,1016.89,-32,1016.9,0,22.69,8.64,328.28,16.14,252.92,18.28,24.04,23.02,22.9,0.642,2026-05-29 18:20:00,"park",NA,NA,NA,NA,"courtyard",2026-05-29 20:20:00,20.3333333333333,"afternoon",0.374662211060301,-0.100000000000001
"karl-ziegler east",2026-05-29 03:00:00,10.1,8.23,10.01,78.29,1022.38,-78,1022.4,0,9.85,6.48,-235.52,8.31,317.85,8.84,10.05,10.01,11.4,0.483,2026-05-29 03:33:00,"park",NA,NA,NA,NA,"karl-ziegler east",2026-05-29 05:33:00,5.55,"morning",0.374662211060301,0.0500000000000007
"karl-ziegler east",2026-05-29 04:00:00,13.7,10.63,12.36,68.96,1022.55,-79.64,1022.6,0,13.06,8.13,-100.48,10.98,303.68,11.51,13.67,12.36,14.2,0.483,2026-05-29 04:33:00,"park",NA,NA,NA,NA,"karl-ziegler east",2026-05-29 06:33:00,6.55,"morning",0.374662211060301,-0.5
"karl-ziegler east",2026-05-29 05:00:00,15.68,11.44,16.25,60.39,1022.64,-79.84,1022.65,1.27,14.51,8.04,-30.13,11.65,320,12.97,15.6,17.9137603091286,15.1,0.483,2026-05-29 05:32:30,"park",NA,NA,NA,NA,"karl-ziegler east",2026-05-29 07:32:30,7.53333333333333,"morning",1.27,-5.18
"karl-ziegler east",2026-05-29 06:00:00,17.86,12.33,18.55,52.48,1022.49,-78.45,1022.5,0.99,16.16,8.02,50,12.7,320,14.36,17.83,20.243608709057,17.7,0.483,2026-05-29 06:32:30,"park",NA,NA,NA,NA,"karl-ziegler east",2026-05-29 08:32:30,8.53333333333333,"morning",0.99,-7.33333333333333
"karl-ziegler east",2026-05-29 07:00:00,19.4,12.7,21.2,46.1,1022.7,-80,1022.6,1.1,17.9,7.5,103,13.2,320,15.4,19.4,25.7155224468656,20,0.483,2026-05-29 07:32:00,"park",NA,NA,NA,NA,"karl-ziegler east",2026-05-29 09:32:00,9.53333333333333,"morning",1.1,-5.97777777777778
"karl-ziegler east",2026-05-29 08:00:00,22.54,14.48,31.8,41.2,1022.22,-77.74,1022.31,0.97,21.58,8.69,219.42,16.48,298.11,20.07,22.49,49.9390496861395,29.3,0.483,2026-05-29 08:33:30,"park",NA,NA,NA,NA,"karl-ziegler east",2026-05-29 10:33:30,10.55,"morning",0.97,-0.57
"karl-ziegler east",2026-05-29 09:00:00,24.5,15.24,35.72,36.7,1021.96,-74.16,1021.97,1.59,23.07,8.74,291.61,17.95,265.78,22.1,24.46,62.9863129665893,32.8,0.483,2026-05-29 09:32:30,"park",NA,NA,NA,NA,"karl-ziegler east",2026-05-29 11:32:30,11.5333333333333,"midday",1.59,2.51111111111111
"karl-ziegler east",2026-05-29 10:00:00,23.99,14.82,35.07,36.56,1021.77,-73.48,1021.83,2.83,22.55,8.23,273.36,17.63,287.04,21.71,23.94,71.685200989719,32.4,0.483,2026-05-29 10:32:00,"park",NA,NA,NA,NA,"karl-ziegler east",2026-05-29 12:32:00,12.5333333333333,"midday",2.83,1.5
"karl-ziegler east",2026-05-29 11:00:00,26.4,15.39,38.84,30.06,1021,-66.92,1021.07,1.02,24.52,7.45,362.88,18.46,247.61,23.26,26.36,61.8063171920943,34.4,0.483,2026-05-29 11:33:00,"park",NA,NA,NA,NA,"karl-ziegler east",2026-05-29 13:33:00,13.55,"midday",1.02,2.04
"karl-ziegler east",2026-05-29 12:00:00,27.44,16.25,40.03,30.65,1020.45,-61.9,1020.45,1.53,25.63,8.64,408.26,19.33,239.95,24.21,27.39,68.5873966837161,36.2,0.483,2026-05-29 12:32:30,"park",NA,NA,NA,NA,"karl-ziegler east",2026-05-29 14:32:30,14.5333333333333,"midday",1.53,4.04444444444444
"karl-ziegler east",2026-05-29 13:00:00,28.61,16.93,40.81,29.9,1019.5,-53.55,1019.52,1.5,26.91,9.29,459.48,20.02,232.1,24.96,28.56,68.1211327242305,37,0.483,2026-05-29 13:32:30,"park",NA,NA,NA,NA,"karl-ziegler east",2026-05-29 15:32:30,15.5333333333333,"midday",1.5,5.84444444444444
"karl-ziegler east",2026-05-29 14:00:00,29.22,17.16,39.22,28.87,1019.23,-52.77,1019.31,1.16,27.55,9.29,482.45,19.52,248.52,24.32,29.17,59.3607530973748,35.5,0.483,2026-05-29 14:32:30,"park",NA,NA,NA,NA,"karl-ziegler east",2026-05-29 16:32:30,16.5333333333333,"afternoon",1.16,4.02
"karl-ziegler east",2026-05-29 15:00:00,27.61,16.16,29.93,29.46,1018.5,-46.16,1018.56,1.81,25.67,8.22,432.08,16.62,318.64,20.36,27.57,37.0316939364128,27.6,0.483,2026-05-29 15:32:00,"park",NA,NA,NA,NA,"karl-ziegler east",2026-05-29 17:32:00,17.5333333333333,"afternoon",1.81,-2.47
"karl-ziegler east",2026-05-29 16:00:00,27.25,15.99,29.81,30,1018.2,-43.03,1018.23,1.6,25.33,8.17,422.77,16.54,314.76,20.25,27.18,37.0896035585837,27.6,0.483,2026-05-29 16:32:30,"park",NA,NA,NA,NA,"karl-ziegler east",2026-05-29 18:32:30,18.5333333333333,"afternoon",1.6,0.41
"karl-ziegler east",2026-05-29 17:00:00,27.39,16.29,32.28,31.01,1017.35,-35.94,1017.38,0.91,25.59,8.78,438.42,17.68,278.92,21.56,27.35,41.8479506948775,29.9,0.483,2026-05-29 17:32:30,"park",NA,NA,NA,NA,"karl-ziegler east",2026-05-29 19:32:30,19.5333333333333,"afternoon",0.91,3.27
"karl-ziegler east",2026-05-29 18:00:00,24.52,15.37,24.03,37.41,1017,-33.81,1017.05,0,23.05,9.05,343.68,16.44,252.92,18.75,24.47,24.03,23.5,0.483,2026-05-29 18:32:30,"park",NA,NA,NA,NA,"karl-ziegler east",2026-05-29 20:32:30,20.5333333333333,"afternoon",0.374662211060301,0.5
"karl-ziegler west",2026-05-29 03:00:00,9.21,7.67,8.92,81.4,1022.5,-78.71,1022.52,0,9.04,6.19,-270.06,7.85,320,8.21,9.16,8.92000000000002,10.6,0.577,2026-05-29 03:43:30,"park",NA,NA,NA,NA,"karl-ziegler west",2026-05-29 05:43:30,5.71666666666667,"morning",0.374662211060301,-0.75
"karl-ziegler west",2026-05-29 04:00:00,12.88,10.02,13.03,70.22,1022.61,-79.97,1022.63,0,12.33,7.61,-132.68,10.27,301.72,11.12,12.83,13.03,13.9,0.577,2026-05-29 04:43:30,"park",NA,NA,NA,NA,"karl-ziegler west",2026-05-29 06:43:30,6.71666666666667,"morning",0.374662211060301,-0.799999999999999
"karl-ziegler west",2026-05-29 05:00:00,16.51,11.85,18.87,57.7,1022.5,-79.03,1022.55,0.55,15.17,8.14,1.42,12.18,317.88,13.93,16.47,22.8798630101458,18.8,0.577,2026-05-29 05:43:30,"park",NA,NA,NA,NA,"karl-ziegler west",2026-05-29 07:43:30,7.71666666666667,"morning",0.55,-1.48
"karl-ziegler west",2026-05-29 06:00:00,22.13,14.92,33.68,46.19,1022.19,-76.35,1022.19,0.22,21.31,10,209.61,17.23,235.79,20.83,22.06,43.1941220078285,28,0.577,2026-05-29 06:43:30,"park",NA,NA,NA,NA,"karl-ziegler west",2026-05-29 08:43:30,8.71666666666667,"morning",0.374662211060301,2.96666666666667
"karl-ziegler west",2026-05-29 08:00:00,25.43,16.01,36.24,37.14,1022.2,-76.58,1022.22,0.63,24.04,9.75,324.65,18.74,239.12,22.85,25.4,52.0842601786077,31.9,0.577,2026-05-29 08:44:30,"park",NA,NA,NA,NA,"karl-ziegler west",2026-05-29 10:44:30,10.7333333333333,"morning",0.63,2.03
"karl-ziegler west",2026-05-29 09:00:00,25.45,15.83,36.26,36.06,1021.99,-74.71,1022,1.01,23.95,9.32,325.94,18.43,258.05,22.62,25.41,56.8170696349734,32.7,0.577,2026-05-29 09:43:30,"park",NA,NA,NA,NA,"karl-ziegler west",2026-05-29 11:43:30,11.7166666666667,"midday",1.01,2.41111111111111
"karl-ziegler west",2026-05-29 10:00:00,25.26,15.42,34.77,34.61,1021.56,-71.74,1021.61,0.95,23.65,8.54,320.87,17.63,270.01,21.74,25.21,52.6754845425914,31.5,0.577,2026-05-29 10:42:30,"park",NA,NA,NA,NA,"karl-ziegler west",2026-05-29 12:42:30,12.7,"midday",0.95,0.600000000000001
"karl-ziegler west",2026-05-29 11:00:00,25.53,15.05,26.2,31.36,1020.93,-65.72,1020.93,0.86,23.7,7.35,333.88,15.67,320,18.75,25.5,27.6007530086734,24.6,0.577,2026-05-29 11:43:00,"park",NA,NA,NA,NA,"karl-ziegler west",2026-05-29 13:43:00,13.7166666666667,"midday",0.86,-7.76
"karl-ziegler west",2026-05-29 12:00:00,25.27,15.25,25.79,33.57,1020.22,-60.48,1020.3,0.79,23.62,8.11,333.76,15.71,317.82,18.64,25.24,26.8292881212503,24.4,0.577,2026-05-29 12:43:00,"park",NA,NA,NA,NA,"karl-ziegler west",2026-05-29 14:43:00,14.7166666666667,"midday",0.79,-7.75555555555556
"karl-ziegler west",2026-05-29 13:00:00,26.45,15.86,26.93,32.28,1019.49,-53.74,1019.52,1.18,24.75,8.56,383.48,16.44,317.29,19.51,26.41,28.1356338980338,25.2,0.577,2026-05-29 13:43:30,"park",NA,NA,NA,NA,"karl-ziegler west",2026-05-29 15:43:30,15.7166666666667,"midday",1.18,-5.95555555555556
"karl-ziegler west",2026-05-29 14:00:00,27.65,16.08,27.22,29.08,1019.08,-50.74,1019.14,0.67,25.72,8.05,426.94,16.96,281.39,20.05,27.6,26.4455448808372,25.9,0.577,2026-05-29 14:43:30,"park",NA,NA,NA,NA,"karl-ziegler west",2026-05-29 16:43:30,16.7166666666667,"afternoon",0.67,-5.58
"karl-ziegler west",2026-05-29 15:00:00,27.35,15.81,28.02,28.75,1018.34,-44.24,1018.36,0.34,25.4,7.64,423.57,16.78,274,20.06,27.31,28.8106599846167,26.4,0.577,2026-05-29 15:43:00,"park",NA,NA,NA,NA,"karl-ziegler west",2026-05-29 17:43:00,17.7166666666667,"afternoon",0.374662211060301,-3.67
"karl-ziegler west",2026-05-29 16:00:00,26.74,15.81,28.03,30.98,1018.12,-42.67,1018.15,1.21,24.95,8.21,406.49,16.52,318.9,19.83,26.7,31.2510275279858,26.2,0.577,2026-05-29 16:39:00,"park",NA,NA,NA,NA,"karl-ziegler west",2026-05-29 18:39:00,18.65,"afternoon",1.21,-0.990000000000002
"karl-ziegler west",2026-05-29 17:00:00,26.6,15.99,27.48,32.39,1017.37,-36,1017.39,0.24,24.9,8.74,410.76,17.1,266.86,20.12,26.56,28.326935312581,25.9,0.577,2026-05-29 17:40:30,"park",NA,NA,NA,NA,"karl-ziegler west",2026-05-29 19:40:30,19.6666666666667,"afternoon",0.374662211060301,-0.73
"karl-ziegler west",2026-05-29 18:00:00,23.54,14.84,22.54,38.58,1017.14,-34.08,1017.16,0,22.29,8.62,306.72,15.77,255.26,17.94,23.49,22.54,22.4,0.577,2026-05-29 18:43:00,"park",NA,NA,NA,NA,"karl-ziegler west",2026-05-29 20:43:00,20.7166666666667,"afternoon",0.374662211060301,-0.600000000000001
"skatepark",2026-05-29 03:00:00,8.9,7.62,8.85,83.99,1022.5,-78.81,1022.52,0,8.88,6.35,-280.71,7.79,320,8.12,8.88,8.85000000000002,10.4,0.955,2026-05-29 03:54:30,"park",NA,NA,NA,NA,"skatepark",2026-05-29 05:54:30,5.9,"morning",0.374662211060301,-0.949999999999999
"skatepark",2026-05-29 04:00:00,13.27,10.25,13.68,68.56,1022.7,-80.13,1022.68,0,12.64,7.63,-118.45,10.55,298.59,11.43,13.24,13.68,14.4,0.955,2026-05-29 04:54:30,"park",NA,NA,NA,NA,"skatepark",2026-05-29 06:54:30,6.9,"morning",0.374662211060301,-0.299999999999999
"skatepark",2026-05-29 05:00:00,19.1,13.28,26.2,52,1022.2,-77,1022.25,0.29,17.7,9.03,99.8,14.92,277.31,17.51,19.06,33.6997367804773,23.8,0.955,2026-05-29 05:55:00,"park",NA,NA,NA,NA,"skatepark",2026-05-29 07:55:00,7.91666666666667,"morning",0.374662211060301,3.52
"skatepark",2026-05-29 06:00:00,22.06,15.04,31.16,47.2,1022.17,-76.2,1022.18,0.9,21.43,10.31,209.08,17.12,277.52,20.35,22.03,48.3835740065998,28.9,0.955,2026-05-29 06:55:00,"park",NA,NA,NA,NA,"skatepark",2026-05-29 08:55:00,8.91666666666667,"morning",0.9,3.86666666666667
"skatepark",2026-05-29 07:00:00,23.84,15.42,32.75,40.69,1022.35,-77.97,1022.38,0.65,22.68,9.69,267.48,17.5,271.8,21.11,23.81,46.6368374955115,29.5,0.955,2026-05-29 07:54:30,"park",NA,NA,NA,NA,"skatepark",2026-05-29 09:54:30,9.9,"morning",0.65,3.52222222222222
"skatepark",2026-05-29 08:00:00,25.14,16.07,34.46,38.72,1022.16,-76.63,1022.22,0.61,23.78,10.12,315.68,18.15,261.13,22.01,25.1,48.2241488658433,30.7,0.955,2026-05-29 08:55:30,"park",NA,NA,NA,NA,"skatepark",2026-05-29 10:55:30,10.9166666666667,"morning",0.61,0.829999999999998
"skatepark",2026-05-29 10:00:00,26.35,15.86,36.53,32.62,1021.5,-70.84,1021.54,1.14,24.66,8.62,359.55,18.4,257.87,22.76,26.29,57.2763145689433,33.1,0.955,2026-05-29 10:54:30,"park",NA,NA,NA,NA,"skatepark",2026-05-29 12:54:30,12.9,"midday",1.14,2.2
"skatepark",2026-05-29 11:00:00,27.83,16.38,37.4,29.89,1020.73,-64.68,1020.81,0.72,25.99,8.61,417.58,18.63,250.09,23.2,27.78,52.4861114163818,33.2,0.955,2026-05-29 11:54:30,"park",NA,NA,NA,NA,"skatepark",2026-05-29 13:54:30,13.9,"midday",0.72,0.840000000000003
"skatepark",2026-05-29 12:00:00,28.09,16.59,38.89,29.98,1019.97,-57.94,1020,1.16,26.34,8.89,436.29,19.29,240.93,24.04,28.06,60.5518650910169,35.1,0.955,2026-05-29 12:54:30,"park",NA,NA,NA,NA,"skatepark",2026-05-29 14:54:30,14.9,"midday",1.16,2.94444444444444
"skatepark",2026-05-29 13:00:00,29.83,17.42,39.31,28.16,1019.43,-53.23,1019.45,0.77,28.22,9.46,502.39,19.72,229.46,24.55,29.79,54.5784475334189,35.1,0.955,2026-05-29 13:54:30,"park",NA,NA,NA,NA,"skatepark",2026-05-29 15:54:30,15.9,"midday",0.77,3.94444444444445
"skatepark",2026-05-29 14:00:00,29.55,17.04,37.36,27.27,1018.73,-48.1,1018.81,0.97,27.79,8.73,497.23,18.98,255.9,23.65,29.49,52.1116127223526,34,0.955,2026-05-29 14:54:30,"park",NA,NA,NA,NA,"skatepark",2026-05-29 16:54:30,16.9,"afternoon",0.97,2.52
"skatepark",2026-05-29 15:00:00,27.31,15.86,29.26,29.16,1018.06,-42.58,1018.12,0.75,25.36,7.81,424.48,16.56,301.94,20.15,27.26,32.8633063204033,27.4,0.955,2026-05-29 15:54:30,"park",NA,NA,NA,NA,"skatepark",2026-05-29 17:54:30,17.9,"afternoon",0.75,-2.67
"skatepark",2026-05-29 16:00:00,27.76,16.37,34.05,30.11,1017.72,-39.44,1017.8,1.22,25.91,8.67,446.04,18.1,281.53,22.25,27.72,48.1614201917491,31.5,0.955,2026-05-29 16:55:00,"park",NA,NA,NA,NA,"skatepark",2026-05-29 18:55:00,18.9166666666667,"afternoon",1.22,4.31
"skatepark",2026-05-29 17:00:00,28.12,16.93,29.32,31.57,1017.24,-35.8,1017.31,0,26.5,9.69,467.04,17.76,220.56,21.06,28.08,29.32,27.3,0.955,2026-05-29 17:55:00,"park",NA,NA,NA,NA,"skatepark",2026-05-29 19:55:00,19.9166666666667,"afternoon",0.374662211060301,0.670000000000002
"skatepark",2026-05-29 18:00:00,23.29,14.9,22.56,40.05,1017.19,-34.65,1017.2,0.04,22.16,8.97,298.78,15.82,254.67,17.92,23.26,22.306667136699,22.2,0.955,2026-05-29 18:54:00,"park",NA,NA,NA,NA,"skatepark",2026-05-29 20:54:00,20.9,"afternoon",0.374662211060301,-0.800000000000001
"workoutpark",2026-05-29 03:00:00,7.82,5.6,4.36,72.36,1022.21,-77.32,1022.3,0,7.48,3.16,-326.9,5.93,320,5.8,7.78,4.36000000000001,7.8,0.938,2026-05-29 03:07:30,"park",NA,NA,NA,NA,"workoutpark",2026-05-29 05:07:30,5.11666666666667,"morning",0.374662211060301,-3.55
"workoutpark",2026-05-29 04:00:00,11.2,8.88,15.42,74.12,1022.43,-78.03,1022.44,0,10.8,6.76,-193.94,10.14,292.79,11.27,11.17,15.42,14,0.938,2026-05-29 04:07:30,"park",NA,NA,NA,NA,"workoutpark",2026-05-29 06:07:30,6.11666666666667,"morning",0.374662211060301,-0.699999999999999
"workoutpark",2026-05-29 05:00:00,18.15,13.13,24.69,56.99,1022.45,-78.03,1022.45,0,16.72,9.49,64.94,14.81,244.22,17.05,18.1,24.69,20.6,0.938,2026-05-29 05:07:30,"park",NA,NA,NA,NA,"workoutpark",2026-05-29 07:07:30,7.11666666666667,"morning",0.374662211060301,0.32
"workoutpark",2026-05-29 06:00:00,20.17,14.37,29.77,53.36,1022.5,-79.16,1022.57,0.37,19.28,10.39,138.55,16.62,267.94,19.54,20.12,40.9006371603815,26.6,0.938,2026-05-29 06:07:30,"park",NA,NA,NA,NA,"workoutpark",2026-05-29 08:07:30,8.11666666666667,"morning",0.374662211060301,1.56666666666667
"workoutpark",2026-05-29 07:00:00,23.08,15.54,32.99,45.22,1022.19,-76.6,1022.21,0.6,22.26,10.58,245.08,17.47,266.47,20.99,23.04,47.6241082715677,29.6,0.938,2026-05-29 07:08:00,"park",NA,NA,NA,NA,"workoutpark",2026-05-29 09:08:00,9.13333333333333,"morning",0.6,3.62222222222222
"workoutpark",2026-05-29 08:00:00,23.99,15.8,34.89,42.38,1022.2,-77.16,1022.27,0.75,22.93,10.44,276.06,18.25,261.3,22.05,23.96,52.6878240338926,31.3,0.938,2026-05-29 08:07:30,"park",NA,NA,NA,NA,"workoutpark",2026-05-29 10:07:30,10.1166666666667,"morning",0.75,1.43
"workoutpark",2026-05-29 09:00:00,25.35,15.94,37.42,37.02,1021.89,-74.03,1021.9,0.71,23.93,9.63,324.61,18.75,226.66,23.03,25.31,55.9742066528759,32.8,0.938,2026-05-29 09:07:30,"park",NA,NA,NA,NA,"workoutpark",2026-05-29 11:07:30,11.1166666666667,"midday",0.71,2.51111111111111
"workoutpark",2026-05-29 10:00:00,27.58,16.88,39.32,33.21,1021.89,-74,1021.9,0.59,26.04,9.96,402.16,19.62,217,24.23,27.53,55.3748375534518,34,0.938,2026-05-29 10:07:30,"park",NA,NA,NA,NA,"workoutpark",2026-05-29 12:07:30,12.1166666666667,"midday",0.59,3.1
"workoutpark",2026-05-29 11:00:00,26.84,16.29,39.11,32.96,1021.42,-70.03,1021.43,1.32,25.23,9.2,379.55,19.34,244.86,23.98,26.81,65.1101587747624,35.3,0.938,2026-05-29 11:07:30,"park",NA,NA,NA,NA,"workoutpark",2026-05-29 13:07:30,13.1166666666667,"midday",1.32,2.94
"workoutpark",2026-05-29 12:00:00,28.34,16.95,40.12,30.94,1020.6,-63.06,1020.65,1.25,26.71,9.56,439.9,19.8,237.22,24.64,28.3,64.2658330595053,36.1,0.938,2026-05-29 12:07:30,"park",NA,NA,NA,NA,"workoutpark",2026-05-29 14:07:30,14.1166666666667,"midday",1.25,3.94444444444444
"workoutpark",2026-05-29 13:00:00,28.02,17.05,39.14,32.55,1019.92,-57.81,1019.92,1.96,26.46,10.04,437.87,19.93,248.42,24.55,27.97,68.528317203045,36,0.938,2026-05-29 13:07:30,"park",NA,NA,NA,NA,"workoutpark",2026-05-29 15:07:30,15.1166666666667,"midday",1.96,4.84444444444444
"workoutpark",2026-05-29 14:00:00,29.75,17.61,41.14,29.27,1019.35,-52.52,1019.37,1.26,28.23,9.94,501.84,20.34,221.4,25.35,29.69,64.4687948641023,37.2,0.938,2026-05-29 14:07:30,"park",NA,NA,NA,NA,"workoutpark",2026-05-29 16:07:30,16.1166666666667,"afternoon",1.26,5.72
"workoutpark",2026-05-29 15:00:00,30.45,17.63,40.16,27.17,1018.77,-48.1,1018.82,0.46,28.88,9.45,530.32,20.03,216.64,25,30.42,51.7504817682974,34.8,0.938,2026-05-29 15:07:30,"park",NA,NA,NA,NA,"workoutpark",2026-05-29 17:07:30,17.1166666666667,"afternoon",0.46,4.73
"workoutpark",2026-05-29 16:00:00,26.77,16,27.87,31.84,1017.86,-40.32,1017.89,0.05,25.05,8.63,411.32,17.09,239.3,20.2,26.73,28.2823527942318,26,0.938,2026-05-29 16:07:30,"park",NA,NA,NA,NA,"workoutpark",2026-05-29 18:07:30,18.1166666666667,"afternoon",0.374662211060301,-1.19
"workoutpark",2026-05-29 17:00:00,28.17,16.82,33.5,30.9,1017.67,-38.97,1017.67,0.13,26.48,9.39,463.71,18.48,212.71,22.4,28.13,36.8061290008662,29.4,0.938,2026-05-29 17:07:30,"park",NA,NA,NA,NA,"workoutpark",2026-05-29 19:07:30,19.1166666666667,"afternoon",0.374662211060301,2.77
"workoutpark",2026-05-29 18:00:00,25.12,16.82,22.71,43.25,1017.19,-34.39,1017.19,0,24.06,11.72,371.52,17.81,246.11,19.52,25.08,22.71,23.8,0.938,2026-05-29 18:07:30,"park",NA,NA,NA,NA,"workoutpark",2026-05-29 20:07:30,20.1166666666667,"afternoon",0.374662211060301,0.800000000000001
"einsteinpark",2026-05-29 03:00:00,9.78,8.17,8.53,81.05,1021.32,-69.64,1021.32,0,9.61,6.7,-235.21,8.35,320,8.55,9.75,8.52999999999997,10.8,0.829,2026-05-29 03:20:45,"forum",NA,NA,NA,NA,"einsteinpark",2026-05-29 05:20:45,5.33333333333333,"morning",0.374662211060301,-0.549999999999999
"einsteinpark",2026-05-29 04:00:00,11.08,8.92,10.65,75.73,1021.47,-70.07,1021.47,0,10.73,6.95,-188.74,9.19,313.68,9.64,11.03,10.65,12.2,0.829,2026-05-29 04:19:50,"forum",NA,NA,NA,NA,"einsteinpark",2026-05-29 06:19:50,6.31666666666667,"morning",0.374662211060301,-2.5
"einsteinpark",2026-05-29 05:00:00,18.93,13.02,25.41,51.07,1021.71,-72.86,1021.72,0.08,17.38,8.6,98.05,14.74,243.07,17.21,18.89,28.6639678196188,22,0.829,2026-05-29 05:20:30,"forum",NA,NA,NA,NA,"einsteinpark",2026-05-29 07:20:30,7.33333333333333,"morning",0.374662211060301,1.72
"einsteinpark",2026-05-29 06:00:00,19.04,12.55,31.87,46.7,1021.64,-72,1021.64,1.28,17.33,7.39,99.35,15.75,288.69,19.28,19.01,60.1138622595822,29.7,0.829,2026-05-29 06:21:00,"forum",NA,NA,NA,NA,"einsteinpark",2026-05-29 08:21:00,8.35,"morning",1.28,4.66666666666667
"einsteinpark",2026-05-29 07:00:00,21.89,13.8,35.04,40.15,1021.6,-71.35,1021.6,1.13,20.83,7.72,200.69,16.82,267.42,20.87,21.83,61.3598314013165,31.7,0.829,2026-05-29 07:19:55,"forum",NA,NA,NA,NA,"einsteinpark",2026-05-29 09:19:55,9.31666666666667,"morning",1.13,5.72222222222222
"einsteinpark",2026-05-29 08:00:00,24.57,15.08,36.53,35.53,1021.41,-69.87,1021.41,0.73,23.05,8.31,298.48,17.9,240.45,22.19,24.52,55.3563910320914,32.1,0.829,2026-05-29 08:20:10,"forum",NA,NA,NA,NA,"einsteinpark",2026-05-29 10:20:10,10.3333333333333,"morning",0.73,2.23
"einsteinpark",2026-05-29 09:00:00,24.76,14.89,36.39,33.73,1021.13,-67.12,1021.13,0.79,23.14,7.73,306.56,17.23,263.39,21.64,24.73,55.5774860087575,32.1,0.829,2026-05-29 09:20:45,"forum",NA,NA,NA,NA,"einsteinpark",2026-05-29 11:20:45,11.3333333333333,"midday",0.79,1.81111111111111
"einsteinpark",2026-05-29 10:00:00,26.05,15.02,39.23,29.41,1020.91,-65.42,1020.91,0.89,24.12,6.85,350.53,18.03,242.95,22.94,25.99,61.6304185592513,34.2,0.829,2026-05-29 10:20:20,"forum",NA,NA,NA,NA,"einsteinpark",2026-05-29 12:20:20,12.3333333333333,"midday",0.89,3.3
"einsteinpark",2026-05-29 11:00:00,27.77,15.61,40.13,26.36,1020.23,-60.19,1020.23,0.72,25.69,6.72,416.59,18.69,224.9,23.8,27.72,58.8011494927259,34.6,0.829,2026-05-29 11:20:40,"forum",NA,NA,NA,NA,"einsteinpark",2026-05-29 13:20:40,13.3333333333333,"midday",0.72,2.24
"einsteinpark",2026-05-29 12:00:00,28.25,15.44,42.69,24,1019.41,-53.04,1019.4,0.88,26.07,5.77,438.88,19.12,212.19,24.67,28.22,66.1808007588175,36.6,0.829,2026-05-29 12:26:00,"forum",NA,NA,NA,NA,"einsteinpark",2026-05-29 14:26:00,14.4333333333333,"midday",0.88,4.44444444444444
"einsteinpark",2026-05-29 14:00:00,31.71,17.43,39.85,22.81,1018.41,-44.71,1018.41,0,29.86,7.92,572.59,19.88,171.52,24.95,31.68,39.85,32.4,0.829,2026-05-29 14:19:50,"forum",NA,NA,NA,NA,"einsteinpark",2026-05-29 16:19:50,16.3166666666667,"afternoon",0.374662211060301,0.919999999999998
"einsteinpark",2026-05-29 15:00:00,29.83,16.18,40.39,22.7,1017.68,-39,1017.68,0.85,27.66,6.28,511.69,18.95,227.2,24.27,29.78,58.0540377697868,35.6,0.829,2026-05-29 15:21:05,"forum",NA,NA,NA,NA,"einsteinpark",2026-05-29 17:21:05,17.35,"afternoon",0.85,5.53
"einsteinpark",2026-05-29 16:00:00,26.95,15.13,27.91,26.83,1017.19,-34.48,1017.19,0,24.89,6.29,418,16.4,245.89,19.74,26.9,27.91,25.8,0.829,2026-05-29 16:19:30,"forum",NA,NA,NA,NA,"einsteinpark",2026-05-29 18:19:30,18.3166666666667,"afternoon",0.374662211060301,-1.39
"einsteinpark",2026-05-29 17:00:00,28.06,15.68,32.21,25.73,1016.64,-30.03,1016.63,0.27,25.93,6.62,462.84,17.25,219.7,21.27,28.01,36.2373583515621,28.8,0.829,2026-05-29 17:21:30,"forum",NA,NA,NA,NA,"einsteinpark",2026-05-29 19:21:30,19.35,"afternoon",0.374662211060301,2.17
"einsteinpark",2026-05-29 18:00:00,23.81,14.04,22.88,32.91,1016.16,-26.03,1016.16,0,22.18,6.53,320.24,15.21,258.1,17.62,23.75,22.88,22.4,0.829,2026-05-29 18:20:30,"forum",NA,NA,NA,NA,"einsteinpark",2026-05-29 20:20:30,20.3333333333333,"afternoon",0.374662211060301,-0.600000000000001
"forum",2026-05-29 03:00:00,11.34,9.16,10.09,75.48,1021.48,-70.06,1021.48,0.01,10.99,7.17,-178.17,9.44,315.73,9.74,11.29,9.87516106355173,12,0.915,2026-05-29 03:07:55,"forum",NA,NA,NA,NA,"forum",2026-05-29 05:07:55,5.11666666666667,"morning",0.374662211060301,0.65
"forum",2026-05-29 04:00:00,12.22,9.52,12.32,71.44,1021.6,-71.75,1021.6,0.64,11.8,7.22,-146.75,9.8,320,10.6,12.2,12.5231120411637,12.8,0.915,2026-05-29 04:08:35,"forum",NA,NA,NA,NA,"forum",2026-05-29 06:08:35,6.13333333333333,"morning",0.64,-1.9
"forum",2026-05-29 05:00:00,16.52,12,24.95,58.67,1021.72,-73,1021.72,0.58,15.26,8.4,10.95,13.92,305.82,16.33,16.47,38.2261105585118,23.7,0.915,2026-05-29 05:08:55,"forum",NA,NA,NA,NA,"forum",2026-05-29 07:08:55,7.13333333333333,"morning",0.58,3.42
"forum",2026-05-29 06:00:00,20.2,13.3,29.91,45.78,1021.52,-70.77,1021.52,0.65,18.96,8.14,143.41,15.54,289.37,18.8,20.15,45.3455535526701,27.3,0.915,2026-05-29 06:09:05,"forum",NA,NA,NA,NA,"forum",2026-05-29 08:09:05,8.15,"morning",0.65,2.26666666666667
"forum",2026-05-29 07:00:00,21.08,13.3,33.42,40.92,1021.32,-68.85,1021.32,1.16,20.02,7.28,174.23,16.39,278.96,20.23,21.04,58.9855530258569,30.6,0.915,2026-05-29 07:08:40,"forum",NA,NA,NA,NA,"forum",2026-05-29 09:08:40,9.13333333333333,"morning",1.16,4.62222222222222
"forum",2026-05-29 08:00:00,21.89,13.53,33.13,38.36,1021.6,-71.43,1021.6,1.25,20.83,7.07,199.17,16.12,293.54,20.01,21.85,57.6717001715855,30.4,0.915,2026-05-29 08:08:20,"forum",NA,NA,NA,NA,"forum",2026-05-29 10:08:20,10.1333333333333,"morning",1.25,0.529999999999998
"forum",2026-05-29 09:00:00,24.73,14.47,36.85,31.44,1021.2,-67.57,1021.2,0.65,22.96,6.69,301.86,17.28,248.24,21.84,24.7,54.676512634768,31.9,0.915,2026-05-29 09:08:40,"forum",NA,NA,NA,NA,"forum",2026-05-29 11:08:40,11.1333333333333,"midday",0.65,1.61111111111111
"forum",2026-05-29 10:00:00,25.24,14.44,36.54,29.35,1021.12,-66.88,1021.11,0.76,23.35,6.13,319.41,17.05,258.98,21.65,25.22,54.8095028353426,32.1,0.915,2026-05-29 10:08:30,"forum",NA,NA,NA,NA,"forum",2026-05-29 12:08:30,12.1333333333333,"midday",0.76,1.2
"forum",2026-05-29 11:00:00,25.6,14.48,37.99,28.14,1020.57,-62.83,1020.57,1.47,23.59,5.82,336.17,17.54,257.87,22.37,25.55,66.016228020529,34.3,0.915,2026-05-29 11:08:25,"forum",NA,NA,NA,NA,"forum",2026-05-29 13:08:25,13.1333333333333,"midday",1.47,1.94
"forum",2026-05-29 12:00:00,27.35,14.95,40.29,24.59,1019.66,-55.16,1019.66,1.43,25.17,5.35,404.79,18.38,235.26,23.62,27.33,68.4591890062418,36.1,0.915,2026-05-29 12:09:10,"forum",NA,NA,NA,NA,"forum",2026-05-29 14:09:10,14.15,"midday",1.43,3.94444444444444
"forum",2026-05-29 13:00:00,28.92,15.93,38.67,24.24,1018.97,-49.38,1018.98,0,26.78,6.46,467.75,18.9,180.22,23.79,28.87,38.67,30,0.915,2026-05-29 13:19:05,"forum",NA,NA,NA,NA,"forum",2026-05-29 15:19:05,15.3166666666667,"midday",0.374662211060301,-1.15555555555556
"forum",2026-05-29 14:00:00,29.05,15.78,38.15,23.2,1018.41,-44.58,1018.41,0,26.83,5.94,476.5,18.49,184.52,23.39,29,38.15,29.9,0.915,2026-05-29 14:08:05,"forum",NA,NA,NA,NA,"forum",2026-05-29 16:08:05,16.1333333333333,"afternoon",0.374662211060301,-1.58
"forum",2026-05-29 15:00:00,28.62,15.15,36.67,21.72,1017.63,-38.62,1017.63,0,26.23,4.64,466.88,17.81,194.29,22.6,28.57,36.67,29.1,0.915,2026-05-29 15:08:05,"forum",NA,NA,NA,NA,"forum",2026-05-29 17:08:05,17.1333333333333,"afternoon",0.374662211060301,-0.969999999999999
"forum",2026-05-29 16:00:00,27.05,14.75,28.54,24.65,1016.99,-32.7,1016.99,0.76,24.87,5.14,420.61,15.51,313.41,19.27,26.99,31.3461422162978,26.6,0.915,2026-05-29 16:08:50,"forum",NA,NA,NA,NA,"forum",2026-05-29 18:08:50,18.1333333333333,"afternoon",0.76,-0.59
"forum",2026-05-29 17:00:00,26.57,14.68,28.61,25.87,1016.81,-31.54,1016.81,1.33,24.44,5.44,407,15.32,320,19.09,26.54,33.9150943948352,26.4,0.915,2026-05-29 17:08:15,"forum",NA,NA,NA,NA,"forum",2026-05-29 19:08:15,19.1333333333333,"afternoon",1.33,-0.23
"forum",2026-05-29 18:00:00,25.8,14.6,25.7,27.9,1016.3,-27,1016.3,0,23.7,5.8,385,15.8,246.2,18.8,25.7,25.7,24.4,0.915,2026-05-29 18:10:30,"forum",NA,NA,NA,NA,"forum",2026-05-29 20:10:30,20.1666666666667,"afternoon",0.374662211060301,1.4
"kekulepark",2026-05-29 03:00:00,9.82,8.22,9.72,81.03,1021.41,-70,1021.41,0,9.68,6.72,-234.16,8.3,318.57,8.78,9.78,9.72000000000003,11.2,0.414,2026-05-29 03:31:50,"forum",NA,NA,NA,NA,"kekulepark",2026-05-29 05:31:50,5.51666666666667,"morning",0.374662211060301,-0.15
"kekulepark",2026-05-29 04:00:00,11.66,9.32,12.26,74.62,1021.61,-71.8,1021.61,0,11.22,7.29,-167.72,9.56,305.82,10.28,11.61,12.26,13.1,0.414,2026-05-29 04:31:00,"forum",NA,NA,NA,NA,"kekulepark",2026-05-29 06:31:00,6.51666666666667,"morning",0.374662211060301,-1.6
"kekulepark",2026-05-29 05:00:00,18.24,12.36,17.11,50.27,1021.8,-73.71,1021.8,0,16.45,7.75,69.96,13.06,282.72,14.38,18.2,17.11,17.8,0.414,2026-05-29 05:31:15,"forum",NA,NA,NA,NA,"kekulepark",2026-05-29 07:31:15,7.51666666666667,"morning",0.374662211060301,-2.48
"kekulepark",2026-05-29 06:00:00,19.09,12.43,20.05,45.56,1021.65,-72,1021.65,0.2,17.36,7.08,100.48,12.96,289.81,14.96,19.06,20.9424574712485,19.4,0.414,2026-05-29 06:31:10,"forum",NA,NA,NA,NA,"kekulepark",2026-05-29 08:31:10,8.51666666666667,"morning",0.374662211060301,-5.63333333333333
"kekulepark",2026-05-29 07:00:00,21.54,13.29,24.51,38.57,1021.75,-73,1021.75,0.28,20.4,6.83,184.77,13.79,294.64,16.64,21.5,27.7021448062368,22.7,0.414,2026-05-29 07:31:25,"forum",NA,NA,NA,NA,"kekulepark",2026-05-29 09:31:25,9.51666666666667,"morning",0.374662211060301,-3.27777777777778
"kekulepark",2026-05-29 08:00:00,24.67,15.05,35.95,35,1021.52,-70.85,1021.52,0.35,23.18,8.16,300.56,17.24,245.8,21.53,24.64,47.8262388430344,30.3,0.414,2026-05-29 08:31:20,"forum",NA,NA,NA,NA,"kekulepark",2026-05-29 10:31:20,10.5166666666667,"morning",0.374662211060301,0.43
"kekulepark",2026-05-29 09:00:00,23.59,13.86,25.51,32.74,1021.16,-67.23,1021.16,0.37,22.01,6.27,260.97,14.47,291.02,17.54,23.53,27.93426134022,23.8,0.414,2026-05-29 09:31:35,"forum",NA,NA,NA,NA,"kekulepark",2026-05-29 11:31:35,11.5166666666667,"midday",0.374662211060301,-6.48888888888889
"kekulepark",2026-05-29 10:00:00,23.84,13.77,25.37,31.16,1020.98,-66.12,1020.98,0.58,22.12,5.78,270.62,14.27,313.06,17.4,23.81,27.9020882168872,23.8,0.414,2026-05-29 10:31:25,"forum",NA,NA,NA,NA,"kekulepark",2026-05-29 12:31:25,12.5166666666667,"midday",0.58,-7.1
"kekulepark",2026-05-29 11:00:00,25.13,14.34,27.07,29.17,1020.22,-60,1020.22,0.8,23.18,5.93,323.43,14.89,312.72,18.29,25.08,30.8742023017313,25.2,0.414,2026-05-29 11:32:30,"forum",NA,NA,NA,NA,"kekulepark",2026-05-29 13:32:30,13.5333333333333,"midday",0.8,-7.16
"kekulepark",2026-05-29 12:00:00,25.76,14.35,27.23,26.96,1019.52,-53.68,1019.51,0.53,23.7,5.33,351,15.09,312.89,18.54,25.71,29.4953359738311,25.4,0.414,2026-05-29 12:37:45,"forum",NA,NA,NA,NA,"kekulepark",2026-05-29 14:37:45,14.6166666666667,"midday",0.53,-6.75555555555556
"kekulepark",2026-05-29 13:00:00,27.79,15.59,28.71,26.07,1018.86,-48,1018.86,0,25.71,6.61,431.29,16.36,231.09,19.9,27.77,28.71,26.5,0.414,2026-05-29 13:28:30,"forum",NA,NA,NA,NA,"kekulepark",2026-05-29 15:28:30,15.4666666666667,"midday",0.374662211060301,-4.65555555555556
"kekulepark",2026-05-29 14:00:00,29.25,16,37.24,23.56,1018.57,-46.13,1018.57,0,27.09,6.33,482.9,18.59,187.77,23.34,29.21,37.24,29.8,0.414,2026-05-29 14:30:35,"forum",NA,NA,NA,NA,"kekulepark",2026-05-29 16:30:35,16.5,"afternoon",0.374662211060301,-1.68
"kekulepark",2026-05-29 15:00:00,27.82,15.04,29.72,23.58,1017.75,-39.04,1017.75,0.79,25.59,5.18,439.92,15.8,306.33,19.76,27.79,33.3256704630901,27.6,0.414,2026-05-29 15:32:10,"forum",NA,NA,NA,NA,"kekulepark",2026-05-29 17:32:10,17.5333333333333,"afternoon",0.79,-2.47
"kekulepark",2026-05-29 16:00:00,26.82,14.7,28.57,24.95,1017.48,-36.62,1017.48,0.98,24.67,5.12,407.88,15.44,317.47,19.2,26.77,32.3885473895928,26.6,0.414,2026-05-29 16:29:55,"forum",NA,NA,NA,NA,"kekulepark",2026-05-29 18:29:55,18.4833333333333,"afternoon",0.98,-0.59
"kekulepark",2026-05-29 17:00:00,26.15,14.48,26.51,26.39,1016.66,-30.04,1016.67,1.27,24.1,5.37,393.5,15.52,301.63,18.77,26.11,27.4601800537538,24.4,0.414,2026-05-29 17:33:15,"forum",NA,NA,NA,NA,"kekulepark",2026-05-29 19:33:15,19.55,"afternoon",1.27,-2.23
"kekulepark",2026-05-29 18:00:00,23.38,13.73,23.16,32.88,1016.31,-27.54,1016.31,0,21.86,6.17,303.75,14.92,257.42,17.41,23.35,23.16,22.2,0.414,2026-05-29 18:31:35,"forum",NA,NA,NA,NA,"kekulepark",2026-05-29 20:31:35,20.5166666666667,"afternoon",0.374662211060301,-0.800000000000001
"rudower north",2026-05-29 03:00:00,13.34,10.18,17.4,67.44,1021.62,-71.45,1021.61,0.09,12.65,7.44,-105.5,11.33,282.53,12.71,13.3,19.783640801742,16.5,0.619,2026-05-29 03:56:35,"forum",NA,NA,NA,NA,"rudower north",2026-05-29 05:56:35,5.93333333333333,"morning",0.374662211060301,5.15
"rudower north",2026-05-29 04:00:00,16.53,11.88,23.76,57.7,1021.8,-73.48,1021.8,0.17,15.21,8.17,9.97,13.76,272.97,15.99,16.49,29.4899963029833,21.2,0.619,2026-05-29 04:55:50,"forum",NA,NA,NA,NA,"rudower north",2026-05-29 06:55:50,6.91666666666667,"morning",0.374662211060301,6.5
"rudower north",2026-05-29 05:00:00,20.32,13.26,30.01,44.72,1021.58,-71.39,1021.58,0.37,19.12,7.91,146.9,15.5,264.19,18.77,20.29,41.2147291859256,26.4,0.619,2026-05-29 05:55:40,"forum",NA,NA,NA,NA,"rudower north",2026-05-29 07:55:40,7.91666666666667,"morning",0.374662211060301,6.12
"rudower north",2026-05-29 06:00:00,21.76,13.64,32.53,39.71,1021.37,-69.35,1021.37,0.74,20.81,7.48,198.42,16.08,276.62,19.83,21.72,50.3664966049806,29.2,0.619,2026-05-29 06:56:25,"forum",NA,NA,NA,NA,"rudower north",2026-05-29 08:56:25,8.93333333333333,"morning",0.74,4.16666666666667
"rudower north",2026-05-29 07:00:00,22.86,13.72,35.13,35.22,1021.49,-70.44,1021.5,0.73,21.5,6.67,233,16.31,272.14,20.57,22.81,54.6367329287096,30.9,0.619,2026-05-29 07:56:45,"forum",NA,NA,NA,NA,"rudower north",2026-05-29 09:56:45,9.93333333333333,"morning",0.73,4.92222222222222
"rudower north",2026-05-29 08:00:00,23.92,13.97,38.38,31.95,1021.12,-67.24,1021.12,1.31,22.26,6.2,272.97,17.44,253.66,22.19,23.88,68.4949941173182,34.2,0.619,2026-05-29 08:55:40,"forum",NA,NA,NA,NA,"rudower north",2026-05-29 10:55:40,10.9166666666667,"morning",1.31,4.33
"rudower north",2026-05-29 09:00:00,25.29,14.72,38.62,30.59,1021.12,-67.08,1021.11,0.74,23.41,6.75,321.67,17.87,245.03,22.67,25.24,59.1932203572588,33.3,0.619,2026-05-29 09:55:35,"forum",NA,NA,NA,NA,"rudower north",2026-05-29 11:55:35,11.9166666666667,"midday",0.74,3.01111111111111
"rudower north",2026-05-29 10:00:00,25.86,14.49,35.94,27.36,1020.61,-63.11,1020.61,1.12,23.83,5.62,344.17,16.83,265.95,21.45,25.82,56.4057679463678,32.4,0.619,2026-05-29 10:52:55,"forum",NA,NA,NA,NA,"rudower north",2026-05-29 12:52:55,12.8666666666667,"midday",1.12,1.5
"rudower north",2026-05-29 11:00:00,26.92,15.05,39.84,26.43,1019.89,-57.54,1019.88,0.97,24.85,6.05,388.69,18.08,243.69,23.22,26.88,62.774226880369,34.9,0.619,2026-05-29 11:56:10,"forum",NA,NA,NA,NA,"rudower north",2026-05-29 13:56:10,13.9333333333333,"midday",0.97,2.54
"rudower north",2026-05-29 13:00:00,28.82,15.82,37.86,24.04,1018.82,-48.09,1018.82,0,26.64,6.28,465.6,18.5,185.45,23.3,28.78,37.86,29.7,0.619,2026-05-29 13:26:33.962264,"forum",NA,NA,NA,NA,"rudower north",2026-05-29 15:26:33.962264,15.4333333333333,"midday",0.374662211060301,-1.45555555555556
"rudower north",2026-05-29 14:00:00,28.62,15.45,30.09,23.06,1018.08,-42.14,1018.07,0,26.34,5.51,464.18,16.77,225.69,20.58,28.56,30.09,27.4,0.619,2026-05-29 14:54:45,"forum",NA,NA,NA,NA,"rudower north",2026-05-29 16:54:45,16.9,"afternoon",0.374662211060301,-4.08
"rudower north",2026-05-29 15:00:00,27.9,15.07,28.95,23.47,1017.22,-34.74,1017.22,0.62,25.65,5.17,447.74,16.07,290.95,19.8,27.87,30.7021379139667,27,0.619,2026-05-29 15:56:20,"forum",NA,NA,NA,NA,"rudower north",2026-05-29 17:56:20,17.9333333333333,"afternoon",0.62,-3.07
"rudower north",2026-05-29 16:00:00,27.13,14.88,27.56,24.87,1016.98,-32.4,1016.98,1.07,25,5.35,425.03,15.52,319.17,19.05,27.11,28.5730565363512,25.6,0.619,2026-05-29 16:54:55,"forum",NA,NA,NA,NA,"rudower north",2026-05-29 18:54:55,18.9,"afternoon",1.07,-1.59
"rudower north",2026-05-29 17:00:00,26.37,14.82,26.3,27.08,1016.42,-28,1016.42,0.34,24.32,5.93,405,15.8,288.92,18.94,26.32,26.2155949080793,24.9,0.619,2026-05-29 17:56:35,"forum",NA,NA,NA,NA,"rudower north",2026-05-29 19:56:35,19.9333333333333,"afternoon",0.374662211060301,-1.73
"rudower north",2026-05-29 18:00:00,24.71,14.43,24.73,31.46,1016.36,-28,1016.36,0.18,22.88,6.67,350.24,15.64,249.14,18.33,24.67,24.7467188147425,23.5,0.619,2026-05-29 18:54:50,"forum",NA,NA,NA,NA,"rudower north",2026-05-29 20:54:50,20.9,"afternoon",0.374662211060301,0.5
"rudower south",2026-05-29 03:00:00,10.91,8.81,11.3,76.09,1021.56,-71.06,1021.56,0.02,10.55,6.85,-196,9.06,310.73,9.66,10.85,11.400140105105,12.4,0.63,2026-05-29 03:45:40,"forum",NA,NA,NA,NA,"rudower south",2026-05-29 05:45:40,5.75,"morning",0.374662211060301,1.05
"rudower south",2026-05-29 04:00:00,13.01,9.91,13.23,68.26,1021.64,-72,1021.65,0.59,12.39,7.31,-118.17,10.18,320,11.06,12.99,13.6510375042318,13.8,0.63,2026-05-29 04:44:35,"forum",NA,NA,NA,NA,"rudower south",2026-05-29 06:44:35,6.73333333333333,"morning",0.59,-0.899999999999999
"rudower south",2026-05-29 05:00:00,16.21,11.2,15.92,54.23,1021.7,-72.43,1021.7,0.63,14.7,6.96,-3.77,11.63,320,12.93,16.16,15.3557942171858,15.8,0.63,2026-05-29 05:44:35,"forum",NA,NA,NA,NA,"rudower south",2026-05-29 07:44:35,7.73333333333333,"morning",0.63,-4.48
"rudower south",2026-05-29 07:00:00,19.55,12.02,19.49,40.14,1021.69,-72.33,1021.69,0.88,17.72,5.65,112.25,12.49,320,14.57,19.5,19.3528114772812,18.3,0.63,2026-05-29 07:44:25,"forum",NA,NA,NA,NA,"rudower south",2026-05-29 09:44:25,9.73333333333333,"morning",0.88,-7.67777777777778
"rudower south",2026-05-29 08:00:00,20.31,12.34,20.5,38.26,1021.48,-70.21,1021.47,1.54,18.73,5.64,141.55,12.77,320,15.04,20.27,21.0992656725713,18,0.63,2026-05-29 08:44:40,"forum",NA,NA,NA,NA,"rudower south",2026-05-29 10:44:40,10.7333333333333,"morning",1.54,-11.87
"rudower south",2026-05-29 09:00:00,21.38,12.63,21.78,35.08,1021.22,-67.73,1021.22,0.5,20.22,5.33,180.69,13.18,320,15.7,21.34,22.4139539316282,20.7,0.63,2026-05-29 09:44:55,"forum",NA,NA,NA,NA,"rudower south",2026-05-29 11:44:55,11.7333333333333,"midday",0.5,-9.58888888888889
"rudower south",2026-05-29 10:00:00,22.95,13.09,23.39,30.93,1020.79,-64.37,1020.79,0.56,21.4,4.89,238.93,13.76,320,16.61,22.9,24.1239663973544,22,0.63,2026-05-29 10:45:00,"forum",NA,NA,NA,NA,"rudower south",2026-05-29 12:45:00,12.75,"midday",0.56,-8.9
"rudower south",2026-05-29 11:00:00,25.36,13.9,34.76,26.09,1019.93,-57.63,1019.93,1.51,23.24,4.52,331.16,16.39,286.92,20.94,25.31,57.5865571090412,31.8,0.63,2026-05-29 11:45:50,"forum",NA,NA,NA,NA,"rudower south",2026-05-29 13:45:50,13.75,"midday",1.51,-0.559999999999999
"rudower south",2026-05-29 12:00:00,24.63,13.91,25.44,28.89,1019.24,-51.93,1019.24,1.62,22.67,5.36,314.81,14.4,320,17.6,24.58,27.921592459153,22.9,0.63,2026-05-29 12:52:00,"forum",NA,NA,NA,NA,"rudower south",2026-05-29 14:52:00,14.8666666666667,"midday",1.62,-9.25555555555556
"rudower south",2026-05-29 13:00:00,26.95,15.05,27.33,26.4,1018.69,-47.41,1018.7,0,24.88,6.05,402.05,16.31,237.8,19.54,26.9,27.33,25.6,0.63,2026-05-29 13:39:15,"forum",NA,NA,NA,NA,"rudower south",2026-05-29 15:39:15,15.65,"midday",0.374662211060301,-5.55555555555555
"rudower south",2026-05-29 14:00:00,28.01,15.21,34.57,23.73,1018.26,-43.26,1018.26,0,25.76,5.41,441.56,17.36,203.84,21.79,27.96,34.57,28.2,0.63,2026-05-29 14:43:50,"forum",NA,NA,NA,NA,"rudower south",2026-05-29 16:43:50,16.7166666666667,"afternoon",0.374662211060301,-3.28
"rudower south",2026-05-29 15:00:00,27.39,14.74,33.62,23.43,1017.48,-36.89,1017.47,1.13,25.1,4.69,426.04,16.46,289.15,20.94,27.33,47.0669114245171,30.8,0.63,2026-05-29 15:45:10,"forum",NA,NA,NA,NA,"rudower south",2026-05-29 17:45:10,17.75,"afternoon",1.13,0.73
"rudower south",2026-05-29 16:00:00,27.38,15.05,32.75,24.95,1017.17,-34.33,1017.16,1.15,25.23,5.6,431.37,16.47,295.7,20.78,27.33,44.6506034514506,30.2,0.63,2026-05-29 16:42:55,"forum",NA,NA,NA,NA,"rudower south",2026-05-29 18:42:55,18.7,"afternoon",1.15,3.01
"rudower south",2026-05-29 17:00:00,26.01,14.52,26.07,27,1016.49,-28.21,1016.49,0.82,23.95,5.57,390.79,15.45,319.02,18.63,25.95,26.1928493437121,24.4,0.63,2026-05-29 17:46:15,"forum",NA,NA,NA,NA,"rudower south",2026-05-29 19:46:15,19.7666666666667,"afternoon",0.82,-2.23
"rudower south",2026-05-29 18:00:00,23.82,14.01,23.94,32.56,1016.34,-27.96,1016.34,0,22.18,6.4,318.69,15.1,253.47,17.75,23.79,23.94,22.7,0.63,2026-05-29 18:44:15,"forum",NA,NA,NA,NA,"rudower south",2026-05-29 20:44:15,20.7333333333333,"afternoon",0.374662211060301,-0.300000000000001
