"route","site","svf","n","UTCI_mean","UTCI_min","UTCI_max","UTCI_anom_mean","Tmrt_mean","Ta_mean","ws_mean"
"forum","kekulepark",0.414,16,23.113,11.2,30.3,-3.29,27.128,22.784,0.384
"park","karl-ziegler east",0.483,16,26.538,11.4,37,0.135,41.796,22.888,1.143
"park","karl-ziegler west",0.577,15,24.56,10.6,32.7,-1.871,31.303,23.067,0.577
"forum","rudower north",0.619,15,27.807,16.5,34.9,1.788,41.37,24.023,0.563
"forum","rudower south",0.63,15,22.507,12.4,31.8,-3.987,27.777,22.258,0.73
"park","courtyard",0.642,16,26.988,10.4,36.6,0.585,41.996,22.981,0.942
"forum","einsteinpark",0.829,15,28.067,10.8,36.6,1.981,43.453,23.499,0.508
"forum","forum",0.915,16,27.35,12,36.1,0.947,41.94,23.261,0.668
"park","workoutpark",0.938,16,28.456,7.8,37.2,2.054,43.685,23.8,0.591
"park","skatepark",0.955,15,27.773,10.4,35.1,1.63,40.609,24.029,0.615
