"t_local","slope","lwr","upr"
5.11666666666667,0.039932750294897,-0.868981594097197,0.948847094686991
5.19597989949749,0.0659858908185995,-0.832403519499979,0.964375301137178
5.27529313232831,0.0920400333285447,-0.796146083077007,0.980226149734096
5.35460636515913,0.118096180226792,-0.760220152129408,0.996412512582992
5.43391959798995,0.144155376210415,-0.72463566564589,1.01294641806672
5.51323283082077,0.170218744124783,-0.689401357339778,1.02983884558934
5.59254606365159,0.196287315376551,-0.654523901894445,1.04709853264755
5.67185929648241,0.22236140361128,-0.620008577207277,1.06473138442984
5.75117252931323,0.248440886970435,-0.585857998895079,1.08273977283595
5.83048576214405,0.274524854659979,-0.552072110013843,1.1011218193338
5.90979899497487,0.300610855659996,-0.518648895883335,1.11987060720333
5.98911222780569,0.326695668379477,-0.485583443823293,1.13897478058225
6.06842546063652,0.35277384083436,-0.452869887739575,1.15841756940829
6.14773869346734,0.378839065359934,-0.420500159173121,1.17817828989299
6.22705192629816,0.404883538222125,-0.388465344415453,1.1982324208597
6.30636515912898,0.430896870536382,-0.356757720640326,1.21855146171309
6.3856783919598,0.456868019421502,-0.325368975992561,1.23910501483557
6.46499162479062,0.482783065913694,-0.294293988704516,1.2598601205319
6.54430485762144,0.508626629463422,-0.26352954275116,1.280782801678
6.62361809045226,0.534382139652421,-0.233074590759793,1.30183887006463
6.70293132328308,0.560030232038714,-0.202933226196122,1.32299369027355
6.7822445561139,0.585550708604988,-0.173112041665035,1.34421345887501
6.86155778894472,0.610921020617944,-0.143622945052486,1.36546498628837
6.94087102177554,0.636117255574612,-0.114481551307041,1.38671606245627
7.02018425460636,0.661114212463174,-0.0857071903297009,1.40793561525605
7.09949748743719,0.685885101688108,-0.0573232148243648,1.42909341820058
7.17881072026801,0.710402936181865,-0.0293541045413115,1.45015997690504
7.25812395309883,0.734639860007516,-0.00182689235070601,1.47110661236574
7.33743718592965,0.758567474882668,0.0252301411482269,1.49190480861711
7.41675041876047,0.782157390847509,0.0517890503886419,1.51252573130638
7.49606365159129,0.805381283010739,0.0778221839222408,1.53294038209924
7.57537688442211,0.828210924256882,0.103302942349404,1.55311890616436
7.65469011725293,0.85061910493271,0.128206181457526,1.57303202840789
7.73400335008375,0.872579345433178,0.152508369940113,1.59265032092624
7.81331658291457,0.894065998770251,0.176188046703167,1.61194395083734
7.89262981574539,0.915055685861605,0.199226568374283,1.63088480334893
7.97194304857621,0.935525594194465,0.221607136522665,1.64944405186627
8.05125628140703,0.955454360331365,0.243315297919428,1.6675934227433
8.13056951423786,0.974821485530825,0.264338358677182,1.68530461238447
8.20988274706868,0.993607518399121,0.284665315974824,1.70254972082342
8.2891959798995,1.0117968656985,0.304288430359452,1.71930530103754
8.36850921273032,1.02937524859056,0.323201176445701,1.73554932073542
8.44782244556114,1.04633096907963,0.341398891678074,1.75126304648119
8.52713567839196,1.06265623146143,0.358879433394741,1.76643302952811
8.60644891122278,1.07834491404326,0.375641543246347,1.78104828484017
8.6857621440536,1.09339554855709,0.391686854229406,1.79510424288478
8.76507537688442,1.10780792406026,0.407017638220866,1.80859820989966
8.84438860971524,1.12158370244154,0.421637361990975,1.8215300428921
8.92370184254606,1.13472594868686,0.435550522496132,1.8339013748776
9.00301507537688,1.14723877528142,0.448762547217396,1.84571500334545
9.0823283082077,1.15913034618945,0.461282032784581,1.85697865959432
9.16164154103852,1.17040995427255,0.473118994322739,1.86770091422237
9.24095477386935,1.18108787193409,0.48428491624888,1.8778908276193
9.32026800670017,1.19117579615616,0.494793199009386,1.88755839330293
9.39958123953099,1.20068608427511,0.504658714732954,1.89671345381727
9.47889447236181,1.20963357208052,0.513898887996873,1.90536825616416
9.55820770519263,1.21803389497193,0.522532780827371,1.91353500911649
9.63752093802345,1.22590367883992,0.530580924651578,1.92122643302825
9.71683417085427,1.23326075832609,0.538065307848645,1.92845620880354
9.79614740368509,1.24012308105395,0.545008955965852,1.93523720614204
9.87546063651591,1.24650882917677,0.551435502812887,1.94158215554066
9.95477386934673,1.2524362793528,0.557369137046274,1.94750342165932
10.0340871021776,1.25792347383307,0.5628334748486,1.95301347281754
10.1134003350084,1.26298817990279,0.567851243697927,1.95812511610766
10.1927135678392,1.2676479483901,0.572444867134091,1.96285102964611
10.27202680067,1.27191917843856,0.576634263622506,1.96720409325462
10.3513400335008,1.27581780839047,0.580438335371924,1.97119728140902
10.4306532663317,1.27935935997608,0.583875227551737,1.97484349240043
10.5099664991625,1.28255849796168,0.586961511097268,1.97815548482609
10.5892797319933,1.28542953538897,0.589713192011946,1.98114587876599
10.6685929648241,1.28798489174946,0.59214312008408,1.98382666341485
10.7479061976549,1.29023582090394,0.594262394331247,1.98620924747664
10.8272194304858,1.2921930532404,0.596081651716398,1.9883044547644
10.9065326633166,1.29386618135496,0.597610209009098,1.99012215370081
10.9858458961474,1.29526444140648,0.598857499102146,1.99167138371081
11.0651591289782,1.29639592529174,0.599831897711183,1.99295995287229
11.144472361809,1.29726829526175,0.600541994093531,1.99399459642997
11.2237855946399,1.29788822108633,0.600995672547391,1.99478076962526
11.3030988274707,1.29826045671768,0.601198627003074,1.99532228643229
11.3824120603015,1.29838946660271,0.601157139282755,1.99562179392267
11.4617252931323,1.29827900832123,0.600877265588243,1.99568075105421
11.5410385259631,1.29793231675993,0.600365123356194,1.99549951016366
11.620351758794,1.297352064794,0.599626548802734,1.99507758078526
11.6996649916248,1.29653973496472,0.598665599744061,1.99441387018538
11.7789782244556,1.29549657283529,0.597486460553167,1.99350668511742
11.8582914572864,1.29422314009512,0.59609185170478,1.99235442848546
11.9376046901173,1.29271957104522,0.594483679581304,1.99095546250914
12.0169179229481,1.29098590619705,0.592663749617587,1.98930806277652
12.0962311557789,1.28902202640126,0.590633295705827,1.9874107570967
12.1755443886097,1.28682779794745,0.588393607398625,1.98526198849627
12.2548576214405,1.28440312619147,0.585944812237622,1.98286144014531
12.3341708542714,1.28174794618423,0.583286269923823,1.98020962244464
12.4134840871022,1.2788622358603,0.580417354639062,1.97730711708155
12.492797319933,1.27574613597245,0.577337015063076,1.97415525688182
12.5721105527638,1.27239985253392,0.574044242453329,1.97075546261452
12.6514237855946,1.26882395126888,0.57053746365269,1.96711043888506
12.7307370184255,1.26501928446064,0.566814851035185,1.9632237178861
12.8100502512563,1.26098687559961,0.56287475655705,1.95909899464218
12.8893634840871,1.25672813602671,0.558715393739542,1.95474087831387
12.9686767169179,1.25224471091147,0.554335282770882,1.95015413905206
13.0479899497487,1.24753857149164,0.549733114936269,1.94534402804701
13.1273031825796,1.24261176612077,0.544908595539634,1.9403149367019
13.2066164154104,1.23746636684881,0.539862433153488,1.93507030054413
13.2859296482412,1.23210452537643,0.534595600990293,1.92961344976258
13.365242881072,1.22652841004654,0.529110182208586,1.92394663788449
13.4445561139028,1.22074012274257,0.523409172931206,1.91807107255393
13.5238693467337,1.21474167953586,0.517496250927655,1.91198710814406
13.6031825795645,1.20853502904864,0.511375946841918,1.90569411125537
13.6824958123953,1.20212165389575,0.505052046363497,1.899191261428
13.7618090452261,1.19550279097722,0.49852814978703,1.89247743216742
13.841122278057,1.18867925730093,0.491807129251546,1.88555138535031
13.9204355108878,1.18165127603667,0.484890448248652,1.87841210382468
13.9997487437186,1.17441873760725,0.477778849029344,1.87105862618516
14.0790619765494,1.16698072497461,0.470471036676518,1.86349041327271
14.1583752093802,1.15933609247339,0.462965204277228,1.85570698066954
14.2376884422111,1.15148321283802,0.455258417823047,1.847708007853
14.3170016750419,1.14341971226381,0.447346013059071,1.83949341146854
14.3963149078727,1.13514307660325,0.439223277756666,1.83106287544984
14.4756281407035,1.12665040861768,0.430884893737708,1.82241592349765
14.5549413735343,1.11793838406436,0.422324909905617,1.81355185822309
14.6342546063652,1.10900330363087,0.413536968335022,1.80446963892671
14.713567839196,1.09984111101622,0.404514391594771,1.79516783043766
14.7928810720268,1.09044749220692,0.395250539389456,1.78564444502439
14.8721943048576,1.08081797735208,0.385739147479097,1.77589680722506
14.9515075376884,1.07094806680569,0.375974823391126,1.76592131022026
15.0308207705193,1.06083331165509,0.365952474113939,1.75571414919624
15.1101340033501,1.05046929153473,0.355667918619988,1.74527066444947
15.1894472361809,1.03985163788945,0.345118199858053,1.73458507592084
15.2687604690117,1.02897624523706,0.334301185484862,1.72365130498925
15.3480737018425,1.01783909996403,0.323215617193089,1.71246258273496
15.4273869346734,1.00643666138896,0.311860771795859,1.70101255098206
15.5067001675042,0.994766330273564,0.300235962239293,1.68929669830784
15.586013400335,0.982826596287366,0.288340379443535,1.6773128131312
15.6653266331658,0.970617054917101,0.276172967653881,1.66506114218032
15.7446398659966,0.958137949372263,0.263732506081184,1.65254339266334
15.8239530988275,0.945390565830725,0.251017595165182,1.63976353649627
15.9032663316583,0.932376866795845,0.238026761750518,1.62672697184117
15.9825795644891,0.919099064968675,0.224758602610876,1.61343952732647
16.0618927973199,0.905560091109865,0.21121185759145,1.59990832462828
16.1412060301508,0.891763039764805,0.197385528951531,1.58614055057808
16.2205192629816,0.877711584542747,0.183278918859754,1.57214425022574
16.2998324958124,0.863410648692806,0.168891701795888,1.55792959558972
16.3791457286432,0.848865427952906,0.154224113340256,1.54350674256556
16.458458961474,0.834082079691121,0.139276913421484,1.52888724596076
16.5377721943049,0.819067371307684,0.12405161298815,1.51408312962722
16.6170854271357,0.803828478255521,0.108550489667214,1.49910646684383
16.6963986599665,0.788373255545687,0.0927765143422018,1.48396999674917
16.7757118927973,0.772709671768546,0.0767337546966808,1.46868558884041
16.8550251256281,0.756845867456581,0.0604271030238024,1.45326463188936
16.934338358459,0.740790072741509,0.043862424856084,1.43771772062693
17.0136515912898,0.724550509200909,0.0270462581527775,1.42205476024904
17.0929648241206,0.70813538728627,0.00998557845782919,1.40628519611471
17.1722780569514,0.691552888131103,-0.00731199163616605,1.39041776789837
17.2515912897822,0.674810792642393,-0.0248398352044116,1.3744614204892
17.3309045226131,0.65791656597393,-0.0425922687649183,1.35842540071278
17.4102177554439,0.640877515706417,-0.0605639518370698,1.3423189832499
17.4895309882747,0.623700105488195,-0.0787519562806516,1.32615216725704
17.5688442211055,0.606390461570261,-0.0971544736642257,1.30993539680475
17.6481574539363,0.58895433972227,-0.115770833155116,1.29367951259966
17.7274706867672,0.57139707246809,-0.134601648154051,1.27739579309023
17.806783919598,0.553723695170918,-0.153648466945593,1.26109585728743
17.8860971524288,0.535938118403984,-0.172915526640236,1.2447917634482
17.9654103852596,0.518043759194038,-0.192408169339326,1.2284956877274
18.0447236180905,0.500043108697903,-0.212133516791073,1.21221973418688
18.1240368509213,0.481937959673158,-0.232099676760199,1.19597559610651
18.2033500837521,0.463729832251951,-0.252314617058802,1.1797742815627
18.2826633165829,0.445419294898373,-0.272787322851041,1.16362591264779
18.3619765494137,0.427006639649886,-0.293526133092461,1.14753941239223
18.4412897822446,0.408491711124762,-0.314539081142926,1.13152250339245
18.5206030150754,0.389873865067772,-0.335833876457637,1.11558160659318
18.5999162479062,0.371152295010988,-0.357417284887046,1.09972187490902
18.679229480737,0.352325954245627,-0.37929562251051,1.08394753100176
18.7585427135678,0.333393756026928,-0.401474481072379,1.06826199312623
18.8378559463987,0.314354678774444,-0.423959171095774,1.05266852864466
18.9171691792295,0.295207732897752,-0.446754529637932,1.03716999543344
18.9964824120603,0.275952121967918,-0.469865204707057,1.02176944864289
19.0757956448911,0.256587592093191,-0.493296386789111,1.00647157097549
19.1551088777219,0.23711400804203,-0.517053785014435,0.991281801098494
19.2344221105528,0.217531787357115,-0.541144035582799,0.976207610297028
19.3137353433836,0.197842102751682,-0.565575059683454,0.961259265186818
19.3930485762144,0.178046270073216,-0.590355990816927,0.946448530963359
19.4723618090452,0.158146555926781,-0.61549733703029,0.931790448883852
19.551675041876,0.138145879862749,-0.641010830735228,0.917302590460726
19.6309882747069,0.118047593226522,-0.666909152082018,0.903004338535063
19.7103015075377,0.0978561824931635,-0.693205514772734,0.888917879759061
19.7896147403685,0.0775767477152038,-0.719913079412977,0.875066574843385
19.8689279731993,0.0572149924055112,-0.747044302952797,0.861474287763819
19.9482412060301,0.0367770635583221,-0.774610269171309,0.848164396287953
20.027554438861,0.0162694986202519,-0.802620066039352,0.835159063279855
20.1068676716918,-0.00430057622916364,-0.831080029396839,0.822478876938512
20.1861809045226,-0.0249259566926032,-0.859993247347113,0.810141333961907
20.2654941373534,-0.0455993386518609,-0.889359320365151,0.798160643061429
20.3448073701843,-0.0663133681398835,-0.919174034059712,0.786547297779945
20.4241206030151,-0.0870607846940482,-0.949429171439497,0.7753076020514
20.5034338358459,-0.107834577285787,-0.980112827584111,0.764443673012537
20.5827470686767,-0.128627899814528,-1.01120928258124,0.753953482952188
20.6620603015075,-0.149435004109303,-1.04270130459234,0.743831296373737
20.7413735343384,-0.170250763094532,-1.07456986857546,0.734068342386398
20.8206867671692,-0.191070937348652,-1.106795309194,0.724653434496698
20.9,-0.211893184563456,-1.13936067278221,0.715574303655295
