"hour","n","local_time","sun_elev","slope","lwr","upr","r","p","rho","p_spearman","response","p_BH"
2026-05-29 03:00:00,10,2026-05-29 05:30:00,4.10763023305062,-0.387216722543608,-1.24710850779765,0.472675062710437,-0.344641880997838,0.329441859999475,-0.455929157760048,0.185396764453716,"UTCI (K)",0.530395790507745
2026-05-29 04:00:00,10,2026-05-29 06:30:00,12.3401886411323,-0.270754653240668,-1.36384088948047,0.82233158299913,-0.19795050496426,0.583555577068087,0.00606060606060606,1,"UTCI (K)",0.652209174370215
2026-05-29 05:00:00,10,2026-05-29 07:30:00,21.2205337966882,1.121239373091,-0.114371151200521,2.35684989738252,0.594754598591509,0.069740458388931,0.607905543680065,0.0622548817089307,"UTCI (K)",0.385527891485282
2026-05-29 06:00:00,9,2026-05-29 08:30:00,30.1422598815979,1.57657044433527,-0.0700315995555883,3.22317248822613,0.650173277265566,0.0579836369440022,0.4,0.291192680776014,"UTCI (K)",0.385527891485282
2026-05-29 07:00:00,9,2026-05-29 09:30:00,39.1080054192972,1.89375480674339,0.164734019669376,3.62277559381741,0.699526121496487,0.0359491841219992,0.366666666666667,0.336259920634921,"UTCI (K)",0.385527891485282
2026-05-29 08:00:00,10,2026-05-29 10:30:00,47.6039938507449,0.334405440604636,-1.47337245742521,2.14218333863448,0.149128160032465,0.680940684214555,0.260606060606061,0.469675250206491,"UTCI (K)",0.718770722226475
2026-05-29 09:00:00,9,2026-05-29 11:30:00,54.1142415193393,0.918418176485335,-1.17935264866471,3.01618900163538,0.364385432653574,0.334986815057523,0.00836827408755723,0.982953286833085,"UTCI (K)",0.530395790507745
2026-05-29 10:00:00,10,2026-05-29 12:30:00,58.3155181184771,1.15457332771069,-0.383760664413506,2.69290731983489,0.521944686975256,0.121745649942721,0.577510266496061,0.0804125791027732,"UTCI (K)",0.385527891485282
2026-05-29 11:00:00,10,2026-05-29 13:30:00,58.3875225657815,1.11903768956029,-0.314679965577745,2.55275534469833,0.536867409652843,0.109574761126809,0.401217658828843,0.250496003525328,"UTCI (K)",0.385527891485282
2026-05-29 12:00:00,9,2026-05-29 14:30:00,54.581460329076,1.63949679079813,-0.52320663807896,3.80220021967522,0.560909330282715,0.116140554398432,0.235302425908485,0.542215527429894,"UTCI (K)",0.385527891485282
2026-05-29 13:00:00,9,2026-05-29 15:30:00,48.0914631613674,0.914798862562353,-1.03485204953427,2.86444977465898,0.386726842562757,0.303866548850151,0.333333333333333,0.385322971781305,"UTCI (K)",0.530395790507745
2026-05-29 14:00:00,10,2026-05-29 16:30:00,39.6647838151261,0.717102304894727,-0.751388782235758,2.18559339202521,0.36989245190027,0.292774989683513,0.43030303030303,0.218028474590315,"UTCI (K)",0.530395790507745
2026-05-29 15:00:00,10,2026-05-29 17:30:00,30.6561350508705,0.75426881973454,-0.608001674561731,2.11653931403081,0.411438397523899,0.237484513236206,0.413375769702444,0.235061976632694,"UTCI (K)",0.530395790507745
2026-05-29 16:00:00,10,2026-05-29 18:30:00,21.6992324850084,0.206748567740793,-0.62597721068124,1.03947434616283,0.198397224435118,0.582689048120776,0.0548790689987194,0.880312933620968,"UTCI (K)",0.652209174370215
2026-05-29 17:00:00,10,2026-05-29 19:30:00,12.6660462591258,0.429602042789545,-0.378136615122208,1.2373407007013,0.397829817977447,0.254894447288498,0.384153482991036,0.27308116951248,"UTCI (K)",0.530395790507745
2026-05-29 18:00:00,10,2026-05-29 20:30:00,4.41856176226533,0.113695403490542,-0.189734681921508,0.417125488902592,0.292162644122399,0.412710460509502,0.19572689157802,0.587875958264731,"UTCI (K)",0.56010705354861
2026-05-29 19:00:00,10,2026-05-29 21:30:00,-2.97778199122308,-0.0844153423559642,-0.391497572420733,0.222666887708804,-0.218695360138101,0.543835348608571,-0.333333333333333,0.348846243872153,"UTCI (K)",0.652209174370215
2026-05-29 20:00:00,10,2026-05-29 22:30:00,-9.00062436655889,0.0104609090506667,-0.314058565791738,0.334980383893071,0.0262720413428191,0.942569560152704,0.0182930229995731,0.95999740023774,"UTCI (K)",0.942569560152704
2026-05-29 21:00:00,10,2026-05-29 23:30:00,-13.3317410040515,0.138484729169627,-0.223542539928266,0.500511998267521,0.297728327460331,0.403444577212812,0.333333333333333,0.348846243872153,"UTCI (K)",0.56010705354861
2026-05-29 03:00:00,10,2026-05-29 05:30:00,4.10763023305062,-0.716390797670209,-2.22869081730235,0.795909221961936,-0.360277181416501,0.306469015976017,-0.527272727272727,0.12280318761783,"Tmrt (K)",0.76485983715233
2026-05-29 04:00:00,10,2026-05-29 06:30:00,12.3401886411323,-0.316341753168371,-2.62511551847599,1.99243201213924,-0.1110189742324,0.76011715079276,0.309090909090909,0.387054968154447,"Tmrt (K)",0.84954269794485
2026-05-29 05:00:00,10,2026-05-29 07:30:00,21.2205337966882,2.64501702989562,-0.456771195451117,5.74680525524236,0.570833455708806,0.0848118795089576,0.539393939393939,0.113298067042129,"Tmrt (K)",0.537141903556732
2026-05-29 06:00:00,9,2026-05-29 08:30:00,30.1422598815979,4.71403194241333,-0.294715072188071,9.72277895701473,0.64371061032728,0.0613780168703591,0.416666666666667,0.269582231040564,"Tmrt (K)",0.537141903556732
2026-05-29 07:00:00,9,2026-05-29 09:30:00,39.1080054192972,5.49290469268979,0.249245834357261,10.7365635510223,0.683446037915784,0.0423946568466774,0.433333333333333,0.249917328042328,"Tmrt (K)",0.537141903556732
2026-05-29 08:00:00,10,2026-05-29 10:30:00,47.6039938507449,0.837516516558013,-4.24470143546383,5.91973446857985,0.133158941643734,0.713824965331708,0.224242424242424,0.536688086753551,"Tmrt (K)",0.84954269794485
2026-05-29 09:00:00,9,2026-05-29 11:30:00,54.1142415193393,2.42132208225094,-4.38180477252714,9.22444893702902,0.30312870022901,0.427823364016807,-0.15,0.708068783068783,"Tmrt (K)",0.76485983715233
2026-05-29 10:00:00,10,2026-05-29 12:30:00,58.3155181184771,2.13405885419569,-3.98122739616755,8.24934510455893,0.273654230784672,0.444231585885656,0.175757575757576,0.631967363906089,"Tmrt (K)",0.76485983715233
2026-05-29 11:00:00,10,2026-05-29 13:30:00,58.3875225657815,3.45547776510495,-1.83108065895756,8.74203618916746,0.470294215407987,0.170165275778295,0.381818181818182,0.278965216116318,"Tmrt (K)",0.64662804795752
2026-05-29 12:00:00,9,2026-05-29 14:30:00,54.581460329076,5.00527975553777,-2.2191187086188,12.2296782196943,0.526456016202829,0.145372858696428,0.183333333333333,0.643639770723104,"Tmrt (K)",0.64662804795752
2026-05-29 13:00:00,9,2026-05-29 15:30:00,48.0914631613674,2.93764992776076,-4.08994106768024,9.96524092320177,0.349973269762294,0.355858851672527,0.4,0.291192680776014,"Tmrt (K)",0.76485983715233
2026-05-29 14:00:00,10,2026-05-29 16:30:00,39.6647838151261,2.09044043907172,-2.99355278951119,7.17443366765463,0.317849104786632,0.37079381169115,0.43030303030303,0.218028474590315,"Tmrt (K)",0.76485983715233
2026-05-29 15:00:00,10,2026-05-29 17:30:00,30.6561350508705,1.57637313767445,-3.3762765131926,6.5290227885415,0.251180035249346,0.483917084922414,0.296969696969697,0.406950227375658,"Tmrt (K)",0.76485983715233
2026-05-29 16:00:00,10,2026-05-29 18:30:00,21.6992324850084,0.276770901550283,-2.68621750144699,3.23975930454755,0.0759363639379832,0.834843744361811,-0.127272727272727,0.732886836413125,"Tmrt (K)",0.881223952381912
2026-05-29 17:00:00,10,2026-05-29 19:30:00,12.6660462591258,0.653393945606347,-1.60436862082302,2.91115651203571,0.22964012081347,0.523325151735805,0.248484848484848,0.491555497342584,"Tmrt (K)",0.76485983715233
2026-05-29 18:00:00,10,2026-05-29 20:30:00,4.41856176226533,-0.029979235831233,-0.481637850099772,0.421679378437306,-0.0540368910796861,0.882138855407447,-0.345454545454545,0.330549465992496,"Tmrt (K)",0.882138855407447
2026-05-29 19:00:00,10,2026-05-29 21:30:00,-2.97778199122308,-0.308801127848495,-0.855507156360281,0.237904900663291,-0.418288733681997,0.228981477173062,-0.36969696969697,0.295604089197812,"Tmrt (K)",0.72510801104803
2026-05-29 20:00:00,10,2026-05-29 22:30:00,-9.00062436655889,-0.108577495896871,-0.736894679061737,0.519739687267995,-0.139510824685472,0.70069082711101,0.0424242424242424,0.918633282432669,"Tmrt (K)",0.84954269794485
2026-05-29 21:00:00,10,2026-05-29 23:30:00,-13.3317410040515,-0.0642091479858739,-0.48391790106496,0.355499605093212,-0.123768976861147,0.733364853692248,-0.284848484848485,0.427359698875701,"Tmrt (K)",0.84954269794485
2026-05-29 03:00:00,10,2026-05-29 05:30:00,4.10763023305062,-0.200642681906821,-0.823945504917791,0.422660141104149,-0.25384891433569,0.479126009792829,-0.442424242424242,0.204200583289326,"Air temperature (K)",0.623157415733288
2026-05-29 04:00:00,10,2026-05-29 06:30:00,12.3401886411323,-0.26858733461163,-0.939638085661582,0.402463416438322,-0.310221851879729,0.383012891594428,-0.212121212121212,0.559908079271241,"Air temperature (K)",0.623157415733288
2026-05-29 05:00:00,10,2026-05-29 07:30:00,21.2205337966882,0.214729961767591,-0.391144014586607,0.820603938121789,0.277595454243741,0.437429573092457,0.333333333333333,0.348846243872153,"Air temperature (K)",0.623157415733288
2026-05-29 06:00:00,9,2026-05-29 08:30:00,30.1422598815979,0.260116958372053,-0.389619504494992,0.909853421239099,0.336887973239515,0.375336782526649,0.3,0.436623677248677,"Air temperature (K)",0.623157415733288
2026-05-29 07:00:00,9,2026-05-29 09:30:00,39.1080054192972,0.456014809874157,-0.12112371096275,1.03315333071106,0.576842441544497,0.103927543866433,0.583333333333333,0.107997134038801,"Air temperature (K)",0.36062454104003
2026-05-29 08:00:00,10,2026-05-29 10:30:00,47.6039938507449,0.0673464704333704,-0.624308716800046,0.759001657666787,0.0791363681026803,0.827969244863157,-0.0545454545454545,0.891638843953117,"Air temperature (K)",0.925377391317646
2026-05-29 09:00:00,9,2026-05-29 11:30:00,54.1142415193393,0.209653963816787,-0.377399379707893,0.796707307341467,0.304068912445124,0.426319306023373,0.283333333333333,0.462990520282187,"Air temperature (K)",0.623157415733288
2026-05-29 10:00:00,10,2026-05-29 12:30:00,58.3155181184771,0.510644965134186,0.122283103302255,0.899006826966117,0.731238890002047,0.0162575707599599,0.684848484848485,0.0350915379341639,"Air temperature (K)",0.308893844439239
2026-05-29 11:00:00,10,2026-05-29 13:30:00,58.3875225657815,0.282946038949995,-0.050081608369332,0.615973686269322,0.569421965656478,0.0857612800312275,0.648484848484848,0.0490426316833765,"Air temperature (K)",0.36062454104003
2026-05-29 12:00:00,9,2026-05-29 14:30:00,54.581460329076,0.434387593290368,-0.0207657744304523,0.889540961011188,0.648958448238117,0.0586123980985113,0.633333333333333,0.0760361552028219,"Air temperature (K)",0.36062454104003
2026-05-29 13:00:00,9,2026-05-29 15:30:00,48.0914631613674,0.237886001830076,-0.183719053302219,0.659491056962372,0.450271930398202,0.223901587719322,0.583333333333333,0.107997134038801,"Air temperature (K)",0.570420558898045
2026-05-29 14:00:00,10,2026-05-29 16:30:00,39.6647838151261,0.231629339005678,-0.189343977139508,0.652602655150864,0.409298081249969,0.240177077430756,0.527272727272727,0.12280318761783,"Air temperature (K)",0.570420558898045
2026-05-29 15:00:00,10,2026-05-29 17:30:00,30.6561350508705,0.296101389273957,-0.0886635932445334,0.680866371792447,0.531473676916747,0.113881434012641,0.296969696969697,0.406950227375658,"Air temperature (K)",0.36062454104003
2026-05-29 16:00:00,10,2026-05-29 18:30:00,21.6992324850084,0.0524454995957755,-0.115503882276232,0.220394881467783,0.246721723591039,0.491966380842069,0.151515151515151,0.681807643477163,"Air temperature (K)",0.623157415733288
2026-05-29 17:00:00,10,2026-05-29 19:30:00,12.6660462591258,0.28385234042454,0.00532376386772153,0.56238091698136,0.639069668019127,0.0466753668864531,0.563636363636364,0.095791569143582,"Air temperature (K)",0.36062454104003
2026-05-29 18:00:00,10,2026-05-29 20:30:00,4.41856176226533,0.1510057849526,-0.167180456565362,0.469192026470562,0.360855125815113,0.30563652419539,0.175757575757576,0.631967363906089,"Air temperature (K)",0.623157415733288
2026-05-29 19:00:00,10,2026-05-29 21:30:00,-2.97778199122308,-0.0848690755491979,-0.495253076292671,0.325514925194276,-0.166259766208272,0.646194441790285,-0.272727272727273,0.448272158936988,"Air temperature (K)",0.767355899625963
2026-05-29 20:00:00,10,2026-05-29 22:30:00,-9.00062436655889,0.00956742160725225,-0.412567923953042,0.431702767167546,0.018474987485388,0.959599756378043,0.085106776115209,0.815171544541529,"Air temperature (K)",0.959599756378043
2026-05-29 21:00:00,10,2026-05-29 23:30:00,-13.3317410040515,0.0104358634443652,-0.217709966766036,0.238581693654766,0.0372674041901883,0.918590682232077,0.0909090909090909,0.811416953056797,"Air temperature (K)",0.959599756378043
2026-05-29 03:00:00,10,2026-05-29 05:30:00,4.10763023305062,-0.00191162046237684,-0.0135810307562919,0.00975778983153823,-0.132381900118968,0.715436427724094,-0.0223700025520446,0.951090099662494,"Wind speed (m/s)",0.828758805002817
2026-05-29 04:00:00,10,2026-05-29 06:30:00,12.3401886411323,0.023953501375761,-0.0811727047156553,0.129079707467177,0.182644136502247,0.613529314355654,0.0969366777255266,0.789932373272786,"Wind speed (m/s)",0.828758805002817
2026-05-29 05:00:00,10,2026-05-29 07:30:00,21.2205337966882,-0.0675043159986673,-0.216134455612303,0.0811258236149687,-0.347246502174502,0.325554830599283,-0.249241272908826,0.48741041561535,"Wind speed (m/s)",0.828758805002817
2026-05-29 06:00:00,9,2026-05-29 08:30:00,30.1422598815979,0.0545430869670729,-0.0959531265236924,0.205039300457838,0.308149893136369,0.419818459837506,0.3,0.436623677248677,"Wind speed (m/s)",0.828758805002817
2026-05-29 07:00:00,9,2026-05-29 09:30:00,39.1080054192972,0.0278226218105344,-0.107119308637821,0.16276455225889,0.181222879802752,0.640770917970154,0.133333333333333,0.743540564373898,"Wind speed (m/s)",0.828758805002817
2026-05-29 08:00:00,10,2026-05-29 10:30:00,47.6039938507449,6.75648914186366e-05,-0.178719756190435,0.178854885973272,0.000308105487781307,0.999326019309458,0.0666666666666667,0.864753528804526,"Wind speed (m/s)",0.999326019309458
2026-05-29 09:00:00,9,2026-05-29 11:30:00,54.1142415193393,-0.0428264428142354,-0.220019258344973,0.134366372716502,-0.21114261875964,0.585524907060753,-0.0833333333333333,0.843182319223986,"Wind speed (m/s)",0.828758805002817
2026-05-29 10:00:00,10,2026-05-29 12:30:00,58.3155181184771,-0.121807267652493,-0.394746449307953,0.151131914002968,-0.341920388369134,0.333528760107429,-0.0181818181818182,0.972841176143636,"Wind speed (m/s)",0.828758805002817
2026-05-29 11:00:00,10,2026-05-29 13:30:00,58.3875225657815,0.020992877728515,-0.120761364833184,0.162747120290214,0.119869377288741,0.741521036055152,0.0243162217472026,0.946839704908509,"Wind speed (m/s)",0.828758805002817
2026-05-29 12:00:00,9,2026-05-29 14:30:00,54.581460329076,0.0362306525399183,-0.13662216390114,0.209083468980976,0.184129359453846,0.635331571549712,0.15,0.708068783068783,"Wind speed (m/s)",0.828758805002817
2026-05-29 13:00:00,9,2026-05-29 15:30:00,48.0914631613674,0.0725099402694781,-0.250805827667041,0.395825708205997,0.196530676932936,0.61229469060797,0.182781538753483,0.637852099789752,"Wind speed (m/s)",0.828758805002817
2026-05-29 14:00:00,10,2026-05-29 16:30:00,39.6647838151261,0.0523325031394376,-0.163576500105807,0.268241506384682,0.193864112126476,0.591504302505114,0.226277864342333,0.529592020309138,"Wind speed (m/s)",0.828758805002817
2026-05-29 15:00:00,10,2026-05-29 17:30:00,30.6561350508705,-0.15056719561434,-0.414849231324104,0.113714840095425,-0.421264866618865,0.225341943727446,-0.272727272727273,0.448272158936988,"Wind speed (m/s)",0.828758805002817
2026-05-29 16:00:00,10,2026-05-29 18:30:00,21.6992324850084,-0.147481343935585,-0.323251412103449,0.0282887242322786,-0.564610853381822,0.0890485230800584,-0.381818181818182,0.278965216116317,"Wind speed (m/s)",0.828758805002817
2026-05-29 17:00:00,10,2026-05-29 19:30:00,12.6660462591258,-0.107043756421577,-0.285178078760155,0.0710905659170012,-0.439960300313048,0.20323803105131,-0.503030303030303,0.14336680194002,"Wind speed (m/s)",0.828758805002817
2026-05-29 18:00:00,10,2026-05-29 20:30:00,4.41856176226533,-0.00128839258463668,-0.0250240097361803,0.022447224566907,-0.0442117705653932,0.903475573794879,0.207599718443073,0.564946403518352,"Wind speed (m/s)",0.953668661227928
2026-05-29 19:00:00,10,2026-05-29 21:30:00,-2.97778199122308,0.00450937404622836,-0.0226525911512865,0.0316713392437432,0.13413060713775,0.711811316593152,0.410116713454151,0.239145205429074,"Wind speed (m/s)",0.828758805002817
2026-05-29 20:00:00,10,2026-05-29 22:30:00,-9.00062436655889,-0.0346607892977212,-0.138476938381195,0.0691553597857527,-0.262644116104878,0.46348504866455,-0.350463373315365,0.32078711710954,"Wind speed (m/s)",0.828758805002817
2026-05-29 21:00:00,10,2026-05-29 23:30:00,-13.3317410040515,-0.0719076830600839,-0.343333572159726,0.199518206039558,-0.211124086484311,0.558206863970158,-0.151515151515151,0.681807643477163,"Wind speed (m/s)",0.828758805002817
