"left_out","period","slope","p"
"courtyard","morning",0.395288386705004,0.343891887642038
"courtyard","midday",1.00175370202262,0.017841925957281
"courtyard","afternoon",0.515831826302144,0.235796183992273
"einsteinpark","morning",0.296462467460592,0.501656551358707
"einsteinpark","midday",0.887115723529186,0.0452886233032642
"einsteinpark","afternoon",0.485376434583362,0.288801430778976
"forum","morning",0.370837255316326,0.438095515365183
"forum","midday",1.01033370013967,0.0376053074995043
"forum","afternoon",0.509962294145142,0.305153127568096
"karl-ziegler east","morning",0.358135832825716,0.405926730376626
"karl-ziegler east","midday",1.35258011098619,0.00224955068220925
"karl-ziegler east","afternoon",0.666260304490835,0.139236038352107
"karl-ziegler west","morning",0.391654252370416,0.351232839784955
"karl-ziegler west","midday",0.892133207317783,0.0359838089185579
"karl-ziegler west","afternoon",0.425370714719053,0.331328715963773
"kekulepark","morning",0.488274570356101,0.325478222324756
"kekulepark","midday",0.468465672105459,0.346724473626931
"kekulepark","afternoon",0.405394614116471,0.432532620236772
"rudower north","morning",0.592465076489846,0.11795363050213
"rudower north","midday",1.05742260630577,0.00681841222167104
"rudower north","afternoon",0.469173563036108,0.237226459154662
"rudower south","morning",0.345191225634588,0.341980291381312
"rudower south","midday",0.903766484442839,0.0148627089840763
"rudower south","afternoon",0.498231220930401,0.190314380791126
"skatepark","morning",0.420176479481891,0.382933208854634
"skatepark","midday",0.993050708589259,0.0391248696340929
"skatepark","afternoon",0.588570954918157,0.241763663869981
"workoutpark","morning",0.507390412218655,0.278717249813323
"workoutpark","midday",1.02532216576173,0.0313077457139269
"workoutpark","afternoon",0.400374096532055,0.4102949833623
