"site.name","hour","Temp","Wet.Bulb.Temp.","Globe.Temp","Rel..Hum.","Baro.","Altitude","Station.P.","Wind.Speed","Heat.Index","Dew.Point","Dens..Alt.","NA.WBGT","TWL","WBGT","Wind.Chill","Tmrt","UTCI","svf","time_mid","n_raw","route","Crosswind","Headwind","Mag..Dir.","True.Dir.","site","local_time","t_local","sun_elev","period","ws_utci","D_Tmrt","UTCI_anom","Tmrt_anom","Ta_anom","ws_anom"
"courtyard",2026-05-29 03:00:00,9,7.54,8.76,81.66,1022.18,-76.26,1022.19,0,8.85,6.05,-275.19,7.59,320,7.98,8.95,8.75999999999999,10.4,0.642,2026-05-29 03:20:30,31,"park",NA,NA,NA,NA,"courtyard",2026-05-29 05:20:30,5.33333333333333,2.55515546249009,"morning",0.374662211060301,-0.240000000000009,-0.949999999999999,-1.26089419703989,-1.022,-0.012
"courtyard",2026-05-29 04:00:00,14.84,11.66,19.74,68.99,1022.47,-78.35,1022.47,0,14.11,9.19,-55.13,12.58,269.38,14.12,14.78,19.74,17.4,0.642,2026-05-29 04:20:30,31,"park",NA,NA,NA,NA,"courtyard",2026-05-29 06:20:30,6.33333333333333,10.6894516999676,"morning",0.374662211060301,4.90000000000001,2.7,4.45958541516213,1.801,-0.14
"courtyard",2026-05-29 05:00:00,16.91,12.42,18.8,59.59,1022.5,-79.29,1022.58,0.39,15.62,8.98,17.65,12.44,290.47,14.09,16.85,21.4331565755821,18.8,0.642,2026-05-29 05:20:30,31,"park",NA,NA,NA,NA,"courtyard",2026-05-29 07:20:30,7.33333333333333,19.4803826829196,"morning",0.39,4.52315657558213,-1.48,-4.68555527007545,-0.747,-0.026
"courtyard",2026-05-29 06:00:00,18.6,12.96,18.65,52.57,1022.41,-78,1022.42,0.55,16.97,8.72,79.26,13.28,320,14.87,18.55,18.7368781151596,18.5,0.642,2026-05-29 06:20:30,31,"park",NA,NA,NA,NA,"courtyard",2026-05-29 08:20:30,8.33333333333333,28.5873425107396,"morning",0.55,0.136878115159639,-6.53333333333333,-19.9550318723412,-1.50111111111111,-0.105555555555556
"courtyard",2026-05-29 07:00:00,20.07,13.54,21.68,47.99,1022.28,-77.9,1022.34,1.15,18.86,8.73,132.26,13.92,320,16.07,20.02,25.8159416940468,20.5,0.642,2026-05-29 07:20:30,31,"park",NA,NA,NA,NA,"courtyard",2026-05-29 09:20:30,9.33333333333333,37.6367361530992,"morning",1.15,5.74594169404678,-5.47777777777778,-15.0540009223302,-1.40888888888889,0.296666666666667
"courtyard",2026-05-29 08:00:00,22.14,14.5,32.78,43.25,1022.17,-76.19,1022.18,1.6,21.35,9.06,207.74,17.17,292.16,20.75,22.1,59.5236676858331,30.5,0.642,2026-05-29 08:20:30,31,"park",NA,NA,NA,NA,"courtyard",2026-05-29 10:20:30,10.3333333333333,46.1331736394286,"midday",1.6,37.3836676858331,0.629999999999999,8.2329136571414,-1.32,0.626
"courtyard",2026-05-29 09:00:00,24.09,15.16,35.74,38.1,1021.97,-74.35,1021.98,1.19,22.75,8.93,277.55,17.96,269.03,22.05,24.05,59.8861264594807,32.5,0.642,2026-05-29 09:20:30,31,"park",NA,NA,NA,NA,"courtyard",2026-05-29 11:20:30,11.3333333333333,53.3108754157157,"midday",1.19,35.7961264594807,2.21111111111111,9.27955423875277,-0.25888888888889,0.351111111111111
"courtyard",2026-05-29 10:00:00,24.73,15.32,36.49,36.23,1021.84,-73.96,1021.88,1.7,23.16,8.76,299.92,18.21,270.79,22.48,24.66,65.7483149732574,33.5,0.642,2026-05-29 10:20:00,25,"park",NA,NA,NA,NA,"courtyard",2026-05-29 12:20:00,12.3333333333333,57.9653533321124,"midday",1.7,41.0183149732574,2.6,12.9851253149408,-0.454999999999998,0.588
"courtyard",2026-05-29 11:00:00,26.46,15.84,38.82,32.15,1021.2,-67.74,1021.22,1.59,24.76,8.52,366.42,18.94,250.96,23.61,26.42,67.7757265374111,35.3,0.642,2026-05-29 11:20:30,31,"park",NA,NA,NA,NA,"courtyard",2026-05-29 13:20:30,13.3333333333333,58.8733319675347,"midday",1.59,41.3157265374111,2.94,12.6925834640391,0.0760000000000005,0.492
"courtyard",2026-05-29 12:00:00,27.29,16.11,40.35,30.45,1020.43,-61.87,1020.44,1.69,25.45,8.41,402.23,19.45,238.57,24.36,27.24,71.3459819593733,36.6,0.642,2026-05-29 12:20:30,31,"park",NA,NA,NA,NA,"courtyard",2026-05-29 14:20:30,14.3333333333333,55.6450459073276,"midday",1.69,44.0559819593733,4.44444444444444,17.6085060579394,0.354444444444443,0.481111111111111
"courtyard",2026-05-29 13:00:00,28.94,17.3,40.15,30.53,1019.65,-55.77,1019.73,0.75,27.36,9.88,470.23,19.85,230.59,24.7,28.88,57.6011898626456,35.3,0.642,2026-05-29 13:20:30,31,"park",NA,NA,NA,NA,"courtyard",2026-05-29 15:20:30,15.3333333333333,49.3440013462524,"midday",0.75,28.6611898626456,4.14444444444444,12.0973319491597,0.681111111111111,0.0655555555555556
"courtyard",2026-05-29 14:00:00,29.52,17.22,39.51,28.25,1019.46,-53.19,1019.47,0.56,27.82,9.22,490.81,19.59,231.49,24.45,29.46,52.8958942744612,34.5,0.642,2026-05-29 14:20:30,31,"park",NA,NA,NA,NA,"courtyard",2026-05-29 16:20:30,16.3333333333333,41.2867472378762,"afternoon",0.56,23.3758942744612,3.02,9.37763429054843,0.286999999999999,0.098
"courtyard",2026-05-29 15:00:00,28.45,16.81,37.12,29.87,1018.7,-47.84,1018.72,2.34,26.71,9.14,461.88,19.22,266.34,23.72,28.4,63.4602575116415,34.4,0.642,2026-05-29 15:20:00,25,"park",NA,NA,NA,NA,"courtyard",2026-05-29 17:20:00,17.3333333333333,32.4790874420465,"afternoon",2.34,35.0102575116415,4.33,21.4867418023683,0.177,1.431
"courtyard",2026-05-29 16:00:00,26.23,15.37,27.48,30.72,1018.04,-42.08,1018.04,0.82,24.4,7.64,388.44,16.22,308.96,19.44,26.2,29.97386939285,25.8,0.642,2026-05-29 16:20:00,25,"park",NA,NA,NA,NA,"courtyard",2026-05-29 18:20:00,18.3333333333333,23.356512869991,"afternoon",0.82,3.74386939285002,-1.39,-3.98879291305927,-0.777999999999999,-0.0660000000000001
"courtyard",2026-05-29 17:00:00,26.34,15.6,26.3,31.2,1017.4,-36,1017.41,0.74,24.58,7.97,399.44,16.41,316.75,19.38,26.3,26.223092982833,24.9,0.642,2026-05-29 17:20:00,25,"park",NA,NA,NA,NA,"courtyard",2026-05-29 19:20:00,19.3333333333333,14.4021993248734,"afternoon",0.74,-0.116907017167048,-1.73,-5.03142552147706,-0.638000000000002,0.135
"courtyard",2026-05-29 18:00:00,24.09,15.03,23.02,37.36,1016.89,-32,1016.9,0,22.69,8.64,328.28,16.14,252.92,18.28,24.04,23.02,22.9,0.642,2026-05-29 18:20:00,25,"park",NA,NA,NA,NA,"courtyard",2026-05-29 20:20:00,20.3333333333333,5.96325759313357,"afternoon",0.374662211060301,-1.07000000000002,-0.100000000000001,-0.483338595144158,-0.117999999999999,-0.022
"courtyard",2026-05-29 19:00:00,21.99,14.22,22,42.23,1017.7,-39.45,1017.79,0,21.16,8.58,245.97,15.19,257.91,17.2,21.96,22,21.4,0.642,2026-05-29 19:20:30,31,"park",NA,NA,NA,NA,"courtyard",2026-05-29 21:20:30,21.3333333333333,-1.67356686961969,"night",0.374662211060301,0.0100000000000016,-0.380000000000003,-0.103436984129065,-0.699000000000002,-0.033
"courtyard",2026-05-29 20:00:00,20.43,13.84,20.49,48.28,1017.2,-35.2,1017.27,0,19.39,9.15,197.44,14.7,263.67,16.39,20.38,20.49,20.2,0.642,2026-05-29 20:21:00,25,"park",NA,NA,NA,NA,"courtyard",2026-05-29 22:21:00,22.35,-8.05382366782186,"night",0.374662211060301,0.0600000000000094,-0.34,-0.0328951087695373,-0.749000000000002,-0.133
"courtyard",2026-05-29 21:00:00,21.55,14.25,21.11,44.48,1017.11,-34,1017.13,0.36,20.9,8.95,238.63,14.81,320,16.73,21.53,20.5299071565291,20.7,0.642,2026-05-29 21:21:30,19,"park",NA,NA,NA,NA,"courtyard",2026-05-29 23:21:30,23.35,-12.7747366610634,"night",0.374662211060301,-1.02009284347087,0.509999999999998,0.156696061653115,-0.198,-0.331
"karl-ziegler east",2026-05-29 03:00:00,10.1,8.23,10.01,78.29,1022.38,-78,1022.4,0,9.85,6.48,-235.52,8.31,317.85,8.84,10.05,10.01,11.4,0.483,2026-05-29 03:33:00,25,"park",NA,NA,NA,NA,"karl-ziegler east",2026-05-29 05:33:00,5.55,4.17860882037503,"morning",0.374662211060301,-0.0900000000000087,0.0500000000000007,-0.0108941970398853,0.0779999999999994,-0.012
"karl-ziegler east",2026-05-29 04:00:00,13.7,10.63,12.36,68.96,1022.55,-79.64,1022.6,0,13.06,8.13,-100.48,10.98,303.68,11.51,13.67,12.36,14.2,0.483,2026-05-29 04:33:00,25,"park",NA,NA,NA,NA,"karl-ziegler east",2026-05-29 06:33:00,6.55,12.4780612723974,"morning",0.374662211060301,-1.33999999999999,-0.5,-2.92041458483787,0.661,-0.14
"karl-ziegler east",2026-05-29 05:00:00,15.68,11.44,16.25,60.39,1022.64,-79.84,1022.65,1.27,14.51,8.04,-30.13,11.65,320,12.97,15.6,17.9137603091286,15.1,0.483,2026-05-29 05:32:30,31,"park",NA,NA,NA,NA,"karl-ziegler east",2026-05-29 07:32:30,7.53333333333333,21.2875577030942,"morning",1.27,2.23376030912858,-5.18,-8.20495153652901,-1.977,0.854
"karl-ziegler east",2026-05-29 06:00:00,17.86,12.33,18.55,52.48,1022.49,-78.45,1022.5,0.99,16.16,8.02,50,12.7,320,14.36,17.83,20.243608709057,17.7,0.483,2026-05-29 06:32:30,31,"park",NA,NA,NA,NA,"karl-ziegler east",2026-05-29 08:32:30,8.53333333333333,30.4151800496245,"morning",0.99,2.38360870905701,-7.33333333333333,-18.4483012784438,-2.24111111111111,0.334444444444444
"karl-ziegler east",2026-05-29 07:00:00,19.4,12.7,21.2,46.1,1022.7,-80,1022.6,1.1,17.9,7.5,103,13.2,320,15.4,19.4,25.7155224468656,20,0.483,2026-05-29 07:32:00,1,"park",NA,NA,NA,NA,"karl-ziegler east",2026-05-29 09:32:00,9.53333333333333,39.3267431048647,"morning",1.1,6.31552244686558,-5.97777777777778,-15.1544201695114,-2.07888888888889,0.246666666666667
"karl-ziegler east",2026-05-29 08:00:00,22.54,14.48,31.8,41.2,1022.22,-77.74,1022.31,0.97,21.58,8.69,219.42,16.48,298.11,20.07,22.49,49.9390496861395,29.3,0.483,2026-05-29 08:33:30,31,"park",NA,NA,NA,NA,"karl-ziegler east",2026-05-29 10:33:30,10.55,47.8340544242654,"midday",0.97,27.3990496861395,-0.57,-1.35170434255225,-0.920000000000002,-0.004
"karl-ziegler east",2026-05-29 09:00:00,24.5,15.24,35.72,36.7,1021.96,-74.16,1021.97,1.59,23.07,8.74,291.61,17.95,265.78,22.1,24.46,62.9863129665893,32.8,0.483,2026-05-29 09:32:30,31,"park",NA,NA,NA,NA,"karl-ziegler east",2026-05-29 11:32:30,11.5333333333333,54.4914019005432,"midday",1.59,38.4863129665893,2.51111111111111,12.3797407458613,0.15111111111111,0.751111111111111
"karl-ziegler east",2026-05-29 10:00:00,23.99,14.82,35.07,36.56,1021.77,-73.48,1021.83,2.83,22.55,8.23,273.36,17.63,287.04,21.71,23.94,71.685200989719,32.4,0.483,2026-05-29 10:32:00,25,"park",NA,NA,NA,NA,"karl-ziegler east",2026-05-29 12:32:00,12.5333333333333,58.4846981109176,"midday",2.83,47.695200989719,1.5,18.9220113314024,-1.195,1.718
"karl-ziegler east",2026-05-29 11:00:00,26.4,15.39,38.84,30.06,1021,-66.92,1021.07,1.02,24.52,7.45,362.88,18.46,247.61,23.26,26.36,61.8063171920943,34.4,0.483,2026-05-29 11:33:00,25,"park",NA,NA,NA,NA,"karl-ziegler east",2026-05-29 13:33:00,13.55,58.5204222651066,"midday",1.02,35.4063171920943,2.04,6.72317411872238,0.0159999999999982,-0.0780000000000001
"karl-ziegler east",2026-05-29 12:00:00,27.44,16.25,40.03,30.65,1020.45,-61.9,1020.45,1.53,25.63,8.64,408.26,19.33,239.95,24.21,27.39,68.5873966837161,36.2,0.483,2026-05-29 12:32:30,31,"park",NA,NA,NA,NA,"karl-ziegler east",2026-05-29 14:32:30,14.5333333333333,54.5851123972669,"midday",1.53,41.1473966837161,4.04444444444444,14.8499207822822,0.504444444444445,0.321111111111111
"karl-ziegler east",2026-05-29 13:00:00,28.61,16.93,40.81,29.9,1019.5,-53.55,1019.52,1.5,26.91,9.29,459.48,20.02,232.1,24.96,28.56,68.1211327242305,37,0.483,2026-05-29 13:32:30,31,"park",NA,NA,NA,NA,"karl-ziegler east",2026-05-29 15:32:30,15.5333333333333,47.836923131702,"midday",1.5,39.5111327242305,5.84444444444444,22.6172748107445,0.351111111111109,0.815555555555556
"karl-ziegler east",2026-05-29 14:00:00,29.22,17.16,39.22,28.87,1019.23,-52.77,1019.31,1.16,27.55,9.29,482.45,19.52,248.52,24.32,29.17,59.3607530973748,35.5,0.483,2026-05-29 14:32:30,31,"park",NA,NA,NA,NA,"karl-ziegler east",2026-05-29 16:32:30,16.5333333333333,39.5536176394897,"afternoon",1.16,30.1407530973748,4.02,15.842493113462,-0.0130000000000017,0.698
"karl-ziegler east",2026-05-29 15:00:00,27.61,16.16,29.93,29.46,1018.5,-46.16,1018.56,1.81,25.67,8.22,432.08,16.62,318.64,20.36,27.57,37.0316939364128,27.6,0.483,2026-05-29 15:32:00,25,"park",NA,NA,NA,NA,"karl-ziegler east",2026-05-29 17:32:00,17.5333333333333,30.6592185019517,"afternoon",1.81,9.42169393641275,-2.47,-4.94182177286049,-0.663,0.901
"karl-ziegler east",2026-05-29 16:00:00,27.25,15.99,29.81,30,1018.2,-43.03,1018.23,1.6,25.33,8.17,422.77,16.54,314.76,20.25,27.18,37.0896035585837,27.6,0.483,2026-05-29 16:32:30,31,"park",NA,NA,NA,NA,"karl-ziegler east",2026-05-29 18:32:30,18.5333333333333,21.4651980648846,"afternoon",1.6,9.83960355858375,0.41,3.12694125267446,0.242000000000001,0.714
"karl-ziegler east",2026-05-29 17:00:00,27.39,16.29,32.28,31.01,1017.35,-35.94,1017.38,0.91,25.59,8.78,438.42,17.68,278.92,21.56,27.35,41.8479506948775,29.9,0.483,2026-05-29 17:32:30,31,"park",NA,NA,NA,NA,"karl-ziegler east",2026-05-29 19:32:30,19.5333333333333,12.5903726143096,"afternoon",0.91,14.4579506948775,3.27,10.5934321905674,0.411999999999999,0.305
"karl-ziegler east",2026-05-29 18:00:00,24.52,15.37,24.03,37.41,1017,-33.81,1017.05,0,23.05,9.05,343.68,16.44,252.92,18.75,24.47,24.03,23.5,0.483,2026-05-29 18:32:30,31,"park",NA,NA,NA,NA,"karl-ziegler east",2026-05-29 20:32:30,20.5333333333333,4.30159105881149,"afternoon",0.374662211060301,-0.490000000000027,0.5,0.526661404855833,0.312000000000001,-0.022
"karl-ziegler east",2026-05-29 19:00:00,22.8,14.7,22.5,41.2,1017.5,-39,1017.6,0,21.8,8.9,276,15.6,254.7,17.7,22.7,22.5,22,0.483,2026-05-29 19:35:00,1,"park",NA,NA,NA,NA,"karl-ziegler east",2026-05-29 21:35:00,21.5833333333333,-3.33223800144435,"night",0.374662211060301,-0.300000000000001,0.219999999999999,0.396563015870935,0.111000000000001,-0.033
"karl-ziegler east",2026-05-29 20:00:00,20.81,14.51,20.46,50.73,1017.2,-35.32,1017.28,0,20.1,10.22,214.89,15.24,261.08,16.84,20.8,20.46,20.5,0.483,2026-05-29 20:33:30,19,"park",NA,NA,NA,NA,"karl-ziegler east",2026-05-29 22:33:30,22.55,-9.17845298737523,"night",0.374662211060301,-0.350000000000019,-0.0399999999999991,-0.0628951087695668,-0.369000000000003,-0.133
"karl-ziegler east",2026-05-29 21:00:00,21.75,14.26,21.46,43.92,1017.05,-34,1017.1,0.98,21,8.94,245.08,14.84,320,16.84,21.7,20.7648135895244,20.2,0.483,2026-05-29 21:33:00,25,"park",NA,NA,NA,NA,"karl-ziegler east",2026-05-29 23:33:00,23.55,-13.4522671663569,"night",0.98,-0.985186410475649,0.00999999999999801,0.391602494648332,0.00199999999999889,0.289
"karl-ziegler west",2026-05-29 03:00:00,9.21,7.67,8.92,81.4,1022.5,-78.71,1022.52,0,9.04,6.19,-270.06,7.85,320,8.21,9.16,8.92000000000002,10.6,0.577,2026-05-29 03:43:30,31,"park",NA,NA,NA,NA,"karl-ziegler west",2026-05-29 05:43:30,5.71666666666667,5.57372332575443,"morning",0.374662211060301,-0.289999999999985,-0.75,-1.10089419703986,-0.811999999999999,-0.012
"karl-ziegler west",2026-05-29 04:00:00,12.88,10.02,13.03,70.22,1022.61,-79.97,1022.63,0,12.33,7.61,-132.68,10.27,301.72,11.12,12.83,13.03,13.9,0.577,2026-05-29 04:43:30,31,"park",NA,NA,NA,NA,"karl-ziegler west",2026-05-29 06:43:30,6.71666666666667,14.0002301964276,"morning",0.374662211060301,0.149999999999972,-0.799999999999999,-2.25041458483791,-0.158999999999999,-0.14
"karl-ziegler west",2026-05-29 05:00:00,16.51,11.85,18.87,57.7,1022.5,-79.03,1022.55,0.55,15.17,8.14,1.42,12.18,317.88,13.93,16.47,22.8798630101458,18.8,0.577,2026-05-29 05:43:30,31,"park",NA,NA,NA,NA,"karl-ziegler west",2026-05-29 07:43:30,7.71666666666667,22.9529656300799,"morning",0.55,6.36986301014581,-1.48,-3.23884883551177,-1.147,0.134
"karl-ziegler west",2026-05-29 06:00:00,22.13,14.92,33.68,46.19,1022.19,-76.35,1022.19,0.22,21.31,10,209.61,17.23,235.79,20.83,22.06,43.1941220078285,28,0.577,2026-05-29 06:43:30,31,"park",NA,NA,NA,NA,"karl-ziegler west",2026-05-29 08:43:30,8.71666666666667,32.0861405498666,"morning",0.374662211060301,21.0641220078285,2.96666666666667,4.50221202032768,2.02888888888889,-0.435555555555556
"karl-ziegler west",2026-05-29 08:00:00,25.43,16.01,36.24,37.14,1022.2,-76.58,1022.22,0.63,24.04,9.75,324.65,18.74,239.12,22.85,25.4,52.0842601786077,31.9,0.577,2026-05-29 08:44:30,31,"park",NA,NA,NA,NA,"karl-ziegler west",2026-05-29 10:44:30,10.7333333333333,49.2187227250189,"midday",0.63,26.6542601786077,2.03,0.793506149915963,1.97,-0.344
"karl-ziegler west",2026-05-29 09:00:00,25.45,15.83,36.26,36.06,1021.99,-74.71,1022,1.01,23.95,9.32,325.94,18.43,258.05,22.62,25.41,56.8170696349734,32.7,0.577,2026-05-29 09:43:30,31,"park",NA,NA,NA,NA,"karl-ziegler west",2026-05-29 11:43:30,11.7166666666667,55.4766864553939,"midday",1.01,31.3670696349734,2.41111111111111,6.21049741424542,1.10111111111111,0.171111111111111
"karl-ziegler west",2026-05-29 10:00:00,25.26,15.42,34.77,34.61,1021.56,-71.74,1021.61,0.95,23.65,8.54,320.87,17.63,270.01,21.74,25.21,52.6754845425914,31.5,0.577,2026-05-29 10:42:30,31,"park",NA,NA,NA,NA,"karl-ziegler west",2026-05-29 12:42:30,12.7,58.8054524877854,"midday",0.95,27.4154845425914,0.600000000000001,-0.0877051157252211,0.0750000000000028,-0.162
"karl-ziegler west",2026-05-29 11:00:00,25.53,15.05,26.2,31.36,1020.93,-65.72,1020.93,0.86,23.7,7.35,333.88,15.67,320,18.75,25.5,27.6007530086734,24.6,0.577,2026-05-29 11:43:00,25,"park",NA,NA,NA,NA,"karl-ziegler west",2026-05-29 13:43:00,13.7166666666667,58.1097407818684,"midday",0.86,2.07075300867339,-7.76,-27.4823900646985,-0.853999999999999,-0.238
"karl-ziegler west",2026-05-29 12:00:00,25.27,15.25,25.79,33.57,1020.22,-60.48,1020.3,0.79,23.62,8.11,333.76,15.71,317.82,18.64,25.24,26.8292881212503,24.4,0.577,2026-05-29 12:43:00,25,"park",NA,NA,NA,NA,"karl-ziegler west",2026-05-29 14:43:00,14.7166666666667,53.5658201557932,"midday",0.79,1.55928812125027,-7.75555555555556,-26.9081877801836,-1.66555555555556,-0.418888888888889
"karl-ziegler west",2026-05-29 13:00:00,26.45,15.86,26.93,32.28,1019.49,-53.74,1019.52,1.18,24.75,8.56,383.48,16.44,317.29,19.51,26.41,28.1356338980338,25.2,0.577,2026-05-29 13:43:30,31,"park",NA,NA,NA,NA,"karl-ziegler west",2026-05-29 15:43:30,15.7166666666667,46.4026457818563,"midday",1.18,1.6856338980338,-5.95555555555556,-17.3682240154522,-1.80888888888889,0.495555555555556
"karl-ziegler west",2026-05-29 14:00:00,27.65,16.08,27.22,29.08,1019.08,-50.74,1019.14,0.67,25.72,8.05,426.94,16.96,281.39,20.05,27.6,26.4455448808372,25.9,0.577,2026-05-29 14:43:30,31,"park",NA,NA,NA,NA,"karl-ziegler west",2026-05-29 16:43:30,16.7166666666667,37.9415083610395,"afternoon",0.67,-1.20445511916281,-5.58,-17.0727151030756,-1.583,0.208
"karl-ziegler west",2026-05-29 15:00:00,27.35,15.81,28.02,28.75,1018.34,-44.24,1018.36,0.34,25.4,7.64,423.57,16.78,274,20.06,27.31,28.8106599846167,26.4,0.577,2026-05-29 15:43:00,37,"park",NA,NA,NA,NA,"karl-ziegler west",2026-05-29 17:43:00,17.7166666666667,28.9859967581342,"afternoon",0.374662211060301,1.46065998461668,-3.67,-13.1628557246566,-0.922999999999998,-0.569
"karl-ziegler west",2026-05-29 16:00:00,26.74,15.81,28.03,30.98,1018.12,-42.67,1018.15,1.21,24.95,8.21,406.49,16.52,318.9,19.83,26.7,31.2510275279858,26.2,0.577,2026-05-29 16:39:00,49,"park",NA,NA,NA,NA,"karl-ziegler west",2026-05-29 18:39:00,18.65,20.4857453549651,"afternoon",1.21,4.5110275279858,-0.990000000000002,-2.71163477792349,-0.268000000000001,0.324
"karl-ziegler west",2026-05-29 17:00:00,26.6,15.99,27.48,32.39,1017.37,-36,1017.39,0.24,24.9,8.74,410.76,17.1,266.86,20.12,26.56,28.326935312581,25.9,0.577,2026-05-29 17:40:30,67,"park",NA,NA,NA,NA,"karl-ziegler west",2026-05-29 19:40:30,19.6666666666667,11.4439409384163,"afternoon",0.374662211060301,1.72693531258098,-0.73,-2.92758319172903,-0.378,-0.365
"karl-ziegler west",2026-05-29 18:00:00,23.54,14.84,22.54,38.58,1017.14,-34.08,1017.16,0,22.29,8.62,306.72,15.77,255.26,17.94,23.49,22.54,22.4,0.577,2026-05-29 18:43:00,25,"park",NA,NA,NA,NA,"karl-ziegler west",2026-05-29 20:43:00,20.7166666666667,2.9369466672498,"afternoon",0.374662211060301,-0.999999999999979,-0.600000000000001,-0.963338595144119,-0.667999999999999,-0.022
"karl-ziegler west",2026-05-29 19:00:00,22.15,14.69,21.54,44.43,1017.64,-38.96,1017.65,0,21.42,9.48,255.68,15.57,257.71,17.43,22.11,21.54,21.5,0.577,2026-05-29 19:44:00,25,"park",NA,NA,NA,NA,"karl-ziegler west",2026-05-29 21:44:00,21.7333333333333,-4.32308844703264,"night",0.374662211060301,-0.609999999999978,-0.280000000000001,-0.563436984129044,-0.539000000000001,-0.033
"karl-ziegler west",2026-05-29 20:00:00,20.78,14.31,20.01,49.42,1017.28,-35.94,1017.35,0.32,19.99,9.82,211.81,14.88,277.96,16.49,20.75,19.0515498181474,20,0.577,2026-05-29 20:43:30,31,"park",NA,NA,NA,NA,"karl-ziegler west",2026-05-29 22:43:30,22.7166666666667,-10.024701990403,"night",0.374662211060301,-1.72845018185265,-0.539999999999999,-1.4713452906222,-0.399000000000001,0.187
"karl-ziegler west",2026-05-29 21:00:00,21.73,14.06,20.77,42.66,1017.1,-34,1017.13,0.7,20.92,8.49,242.97,14.52,312.62,16.44,21.68,18.8643587776431,20,0.577,2026-05-29 21:43:30,31,"park",NA,NA,NA,NA,"karl-ziegler west",2026-05-29 23:43:30,23.7166666666667,-14.0045746732683,"night",0.7,-2.86564122235687,-0.190000000000001,-1.50885231723289,-0.0180000000000007,0.00900000000000001
"skatepark",2026-05-29 03:00:00,8.9,7.62,8.85,83.99,1022.5,-78.81,1022.52,0,8.88,6.35,-280.71,7.79,320,8.12,8.88,8.85000000000002,10.4,0.955,2026-05-29 03:54:30,31,"park",NA,NA,NA,NA,"skatepark",2026-05-29 05:54:30,5.9,7.06380214168966,"morning",0.374662211060301,-0.0499999999999776,-0.949999999999999,-1.17089419703985,-1.122,-0.012
"skatepark",2026-05-29 04:00:00,13.27,10.25,13.68,68.56,1022.7,-80.13,1022.68,0,12.64,7.63,-118.45,10.55,298.59,11.43,13.24,13.68,14.4,0.955,2026-05-29 04:54:30,31,"park",NA,NA,NA,NA,"skatepark",2026-05-29 06:54:30,6.9,15.6121268485764,"morning",0.374662211060301,0.410000000000007,-0.299999999999999,-1.60041458483787,0.231,-0.14
"skatepark",2026-05-29 05:00:00,19.1,13.28,26.2,52,1022.2,-77,1022.25,0.29,17.7,9.03,99.8,14.92,277.31,17.51,19.06,33.6997367804773,23.8,0.955,2026-05-29 05:55:00,25,"park",NA,NA,NA,NA,"skatepark",2026-05-29 07:55:00,7.91666666666667,24.7006812203027,"morning",0.374662211060301,14.5997367804773,3.52,7.58102493481976,1.443,-0.126
"skatepark",2026-05-29 06:00:00,22.06,15.04,31.16,47.2,1022.17,-76.2,1022.18,0.9,21.43,10.31,209.08,17.12,277.52,20.35,22.03,48.3835740065998,28.9,0.955,2026-05-29 06:55:00,25,"park",NA,NA,NA,NA,"skatepark",2026-05-29 08:55:00,8.91666666666667,33.8253383995928,"morning",0.9,26.3235740065998,3.86666666666667,9.69166401909891,1.95888888888889,0.244444444444444
"skatepark",2026-05-29 07:00:00,23.84,15.42,32.75,40.69,1022.35,-77.97,1022.38,0.65,22.68,9.69,267.48,17.5,271.8,21.11,23.81,46.6368374955115,29.5,0.955,2026-05-29 07:54:30,31,"park",NA,NA,NA,NA,"skatepark",2026-05-29 09:54:30,9.9,42.5599768667438,"morning",0.65,22.7968374955115,3.52222222222222,5.76689487913453,2.36111111111111,-0.203333333333333
"skatepark",2026-05-29 08:00:00,25.14,16.07,34.46,38.72,1022.16,-76.63,1022.22,0.61,23.78,10.12,315.68,18.15,261.13,22.01,25.1,48.2241488658433,30.7,0.955,2026-05-29 08:55:30,19,"park",NA,NA,NA,NA,"skatepark",2026-05-29 10:55:30,10.9166666666667,50.5462337809935,"midday",0.61,23.0841488658433,0.829999999999998,-3.06660516284843,1.68,-0.364
"skatepark",2026-05-29 10:00:00,26.35,15.86,36.53,32.62,1021.5,-70.84,1021.54,1.14,24.66,8.62,359.55,18.4,257.87,22.76,26.29,57.2763145689433,33.1,0.955,2026-05-29 10:54:30,31,"park",NA,NA,NA,NA,"skatepark",2026-05-29 12:54:30,12.9,59.0137119220027,"midday",1.14,30.9263145689433,2.2,4.51312491062668,1.165,0.0279999999999998
"skatepark",2026-05-29 11:00:00,27.83,16.38,37.4,29.89,1020.73,-64.68,1020.81,0.72,25.99,8.61,417.58,18.63,250.09,23.2,27.78,52.4861114163818,33.2,0.955,2026-05-29 11:54:30,31,"park",NA,NA,NA,NA,"skatepark",2026-05-29 13:54:30,13.9,57.5028538505128,"midday",0.72,24.6561114163818,0.840000000000003,-2.59703165699013,1.446,-0.378
"skatepark",2026-05-29 12:00:00,28.09,16.59,38.89,29.98,1019.97,-57.94,1020,1.16,26.34,8.89,436.29,19.29,240.93,24.04,28.06,60.5518650910169,35.1,0.955,2026-05-29 12:54:30,31,"park",NA,NA,NA,NA,"skatepark",2026-05-29 14:54:30,14.9,52.3607548669767,"midday",1.16,32.4618650910168,2.94444444444444,6.81438918958295,1.15444444444444,-0.048888888888889
"skatepark",2026-05-29 13:00:00,29.83,17.42,39.31,28.16,1019.43,-53.23,1019.45,0.77,28.22,9.46,502.39,19.72,229.46,24.55,29.79,54.5784475334189,35.1,0.955,2026-05-29 13:54:30,31,"park",NA,NA,NA,NA,"skatepark",2026-05-29 15:54:30,15.9,44.9242969190982,"midday",0.77,24.7484475334189,3.94444444444445,9.07458961993287,1.57111111111111,0.0855555555555556
"skatepark",2026-05-29 14:00:00,29.55,17.04,37.36,27.27,1018.73,-48.1,1018.81,0.97,27.79,8.73,497.23,18.98,255.9,23.65,29.49,52.1116127223526,34,0.955,2026-05-29 14:54:30,31,"park",NA,NA,NA,NA,"skatepark",2026-05-29 16:54:30,16.9,36.3109535045652,"afternoon",0.97,22.5616127223526,2.52,8.59335273843976,0.317,0.508
"skatepark",2026-05-29 15:00:00,27.31,15.86,29.26,29.16,1018.06,-42.58,1018.12,0.75,25.36,7.81,424.48,16.56,301.94,20.15,27.26,32.8633063204033,27.4,0.955,2026-05-29 15:54:30,31,"park",NA,NA,NA,NA,"skatepark",2026-05-29 17:54:30,17.9,27.2345083542508,"afternoon",0.75,5.5533063204033,-2.67,-9.11020938886994,-0.963000000000001,-0.159
"skatepark",2026-05-29 16:00:00,27.76,16.37,34.05,30.11,1017.72,-39.44,1017.8,1.22,25.91,8.67,446.04,18.1,281.53,22.25,27.72,48.1614201917491,31.5,0.955,2026-05-29 16:55:00,25,"park",NA,NA,NA,NA,"skatepark",2026-05-29 18:55:00,18.9166666666667,18.0899026756613,"afternoon",1.22,20.4014201917491,4.31,14.1987578858398,0.752000000000002,0.334
"skatepark",2026-05-29 17:00:00,28.12,16.93,29.32,31.57,1017.24,-35.8,1017.31,0,26.5,9.69,467.04,17.76,220.56,21.06,28.08,29.32,27.3,0.955,2026-05-29 17:55:00,25,"park",NA,NA,NA,NA,"skatepark",2026-05-29 19:55:00,19.9166666666667,9.39514561339981,"afternoon",0.374662211060301,1.19999999999999,0.670000000000002,-1.93451850431002,1.142,-0.605
"skatepark",2026-05-29 18:00:00,23.29,14.9,22.56,40.05,1017.19,-34.65,1017.2,0.04,22.16,8.97,298.78,15.82,254.67,17.92,23.26,22.306667136699,22.2,0.955,2026-05-29 18:54:00,37,"park",NA,NA,NA,NA,"skatepark",2026-05-29 20:54:00,20.9,1.54009489742238,"afternoon",0.374662211060301,-0.983332863301008,-0.800000000000001,-1.19667145844515,-0.917999999999999,0.018
"skatepark",2026-05-29 19:00:00,21.16,14.6,20.11,49.14,1017.51,-38.21,1017.59,0.04,20.53,10.08,223.32,15.4,262.99,16.93,21.13,19.7361736707197,20.5,0.955,2026-05-29 19:55:30,19,"park",NA,NA,NA,NA,"skatepark",2026-05-29 21:55:30,21.9166666666667,-5.54354977980319,"night",0.374662211060301,-1.42382632928033,-1.28,-2.3672633134094,-1.529,0.007
"skatepark",2026-05-29 20:00:00,21.14,14.51,20.8,48.59,1017.09,-34,1017.14,0,20.52,9.89,227.53,15.3,260.47,17,21.12,20.8,20.8,0.955,2026-05-29 20:55:30,19,"park",NA,NA,NA,NA,"skatepark",2026-05-29 22:55:30,22.9166666666667,-10.9747636377792,"night",0.374662211060301,-0.339999999999989,0.260000000000002,0.277104891230465,-0.0390000000000015,-0.133
"skatepark",2026-05-29 21:00:00,22.17,14.54,21.64,43.47,1017.01,-33.84,1017.06,0.61,21.38,9.18,261.42,15.12,320,17.13,22.12,20.6845232070106,21,0.955,2026-05-29 21:55:30,19,"park",NA,NA,NA,NA,"skatepark",2026-05-29 23:55:30,23.9166666666667,-14.556221935043,"night",0.61,-1.48547679298945,0.809999999999999,0.311312112134537,0.422000000000001,-0.081
"workoutpark",2026-05-29 03:00:00,7.82,5.6,4.36,72.36,1022.21,-77.32,1022.3,0,7.48,3.16,-326.9,5.93,320,5.8,7.78,4.36000000000001,7.8,0.938,2026-05-29 03:07:30,31,"park",NA,NA,NA,NA,"workoutpark",2026-05-29 05:07:30,5.11666666666667,0.913261657172687,"morning",0.374662211060301,-3.45999999999999,-3.55,-5.66089419703986,-2.202,-0.012
"workoutpark",2026-05-29 04:00:00,11.2,8.88,15.42,74.12,1022.43,-78.03,1022.44,0,10.8,6.76,-193.94,10.14,292.79,11.27,11.17,15.42,14,0.938,2026-05-29 04:07:30,31,"park",NA,NA,NA,NA,"workoutpark",2026-05-29 06:07:30,6.11666666666667,8.85950691047902,"morning",0.374662211060301,4.22000000000002,-0.699999999999999,0.139585415162134,-1.839,-0.14
"workoutpark",2026-05-29 05:00:00,18.15,13.13,24.69,56.99,1022.45,-78.03,1022.45,0,16.72,9.49,64.94,14.81,244.22,17.05,18.1,24.69,20.6,0.938,2026-05-29 05:07:30,31,"park",NA,NA,NA,NA,"workoutpark",2026-05-29 07:07:30,7.11666666666667,17.5370609532784,"morning",0.374662211060301,6.54,0.32,-1.42871184565758,0.492999999999999,-0.416
"workoutpark",2026-05-29 06:00:00,20.17,14.37,29.77,53.36,1022.5,-79.16,1022.57,0.37,19.28,10.39,138.55,16.62,267.94,19.54,20.12,40.9006371603815,26.6,0.938,2026-05-29 06:07:30,31,"park",NA,NA,NA,NA,"workoutpark",2026-05-29 08:07:30,8.11666666666667,26.6050957846848,"morning",0.374662211060301,20.7306371603814,1.56666666666667,2.2087271728806,0.068888888888889,-0.285555555555556
"workoutpark",2026-05-29 07:00:00,23.08,15.54,32.99,45.22,1022.19,-76.6,1022.21,0.6,22.26,10.58,245.08,17.47,266.47,20.99,23.04,47.6241082715677,29.6,0.938,2026-05-29 07:08:00,25,"park",NA,NA,NA,NA,"workoutpark",2026-05-29 09:08:00,9.13333333333333,35.7777453731115,"morning",0.6,24.5441082715677,3.62222222222222,6.75416565519075,1.60111111111111,-0.253333333333333
"workoutpark",2026-05-29 08:00:00,23.99,15.8,34.89,42.38,1022.2,-77.16,1022.27,0.75,22.93,10.44,276.06,18.25,261.3,22.05,23.96,52.6878240338926,31.3,0.938,2026-05-29 08:07:30,31,"park",NA,NA,NA,NA,"workoutpark",2026-05-29 10:07:30,10.1166666666667,44.3720933651059,"midday",0.75,28.6978240338926,1.43,1.39707000520092,0.529999999999998,-0.224
"workoutpark",2026-05-29 09:00:00,25.35,15.94,37.42,37.02,1021.89,-74.03,1021.9,0.71,23.93,9.63,324.61,18.75,226.66,23.03,25.31,55.9742066528759,32.8,0.938,2026-05-29 09:07:30,31,"park",NA,NA,NA,NA,"workoutpark",2026-05-29 11:07:30,11.1166666666667,51.9205888913828,"midday",0.71,30.6242066528759,2.51111111111111,5.36763443214789,1.00111111111111,-0.128888888888889
"workoutpark",2026-05-29 10:00:00,27.58,16.88,39.32,33.21,1021.89,-74,1021.9,0.59,26.04,9.96,402.16,19.62,217,24.23,27.53,55.3748375534518,34,0.938,2026-05-29 10:07:30,31,"park",NA,NA,NA,NA,"workoutpark",2026-05-29 12:07:30,12.1166666666667,57.2597751155254,"midday",0.59,27.7948375534518,3.1,2.61164789513514,2.395,-0.522
"workoutpark",2026-05-29 11:00:00,26.84,16.29,39.11,32.96,1021.42,-70.03,1021.43,1.32,25.23,9.2,379.55,19.34,244.86,23.98,26.81,65.1101587747624,35.3,0.938,2026-05-29 11:07:30,31,"park",NA,NA,NA,NA,"workoutpark",2026-05-29 13:07:30,13.1166666666667,59.0448962269124,"midday",1.32,38.2701587747624,2.94,10.0270157013905,0.456,0.222
"workoutpark",2026-05-29 12:00:00,28.34,16.95,40.12,30.94,1020.6,-63.06,1020.65,1.25,26.71,9.56,439.9,19.8,237.22,24.64,28.3,64.2658330595053,36.1,0.938,2026-05-29 12:07:30,31,"park",NA,NA,NA,NA,"workoutpark",2026-05-29 14:07:30,14.1166666666667,56.6537534955241,"midday",1.25,35.9258330595053,3.94444444444444,10.5283571580714,1.40444444444444,0.0411111111111111
"workoutpark",2026-05-29 13:00:00,28.02,17.05,39.14,32.55,1019.92,-57.81,1019.92,1.96,26.46,10.04,437.87,19.93,248.42,24.55,27.97,68.528317203045,36,0.938,2026-05-29 13:07:30,31,"park",NA,NA,NA,NA,"workoutpark",2026-05-29 15:07:30,15.1166666666667,50.8988481606911,"midday",1.96,40.5083172030451,4.84444444444444,23.0244592895591,-0.238888888888891,1.27555555555556
"workoutpark",2026-05-29 14:00:00,29.75,17.61,41.14,29.27,1019.35,-52.52,1019.37,1.26,28.23,9.94,501.84,20.34,221.4,25.35,29.69,64.4687948641023,37.2,0.938,2026-05-29 14:07:30,31,"park",NA,NA,NA,NA,"workoutpark",2026-05-29 16:07:30,16.1166666666667,43.1280852433354,"afternoon",1.26,34.7187948641023,5.72,20.9505348801895,0.516999999999999,0.798
"workoutpark",2026-05-29 15:00:00,30.45,17.63,40.16,27.17,1018.77,-48.1,1018.82,0.46,28.88,9.45,530.32,20.03,216.64,25,30.42,51.7504817682974,34.8,0.938,2026-05-29 15:07:30,31,"park",NA,NA,NA,NA,"workoutpark",2026-05-29 17:07:30,17.1166666666667,34.364946957265,"afternoon",0.46,21.3004817682974,4.73,9.77696605902421,2.177,-0.449
"workoutpark",2026-05-29 16:00:00,26.77,16,27.87,31.84,1017.86,-40.32,1017.89,0.05,25.05,8.63,411.32,17.09,239.3,20.2,26.73,28.2823527942318,26,0.938,2026-05-29 16:07:30,31,"park",NA,NA,NA,NA,"workoutpark",2026-05-29 18:07:30,18.1166666666667,25.255331714051,"afternoon",0.374662211060301,1.51235279423183,-1.19,-5.68030951167746,-0.238,-0.836
"workoutpark",2026-05-29 17:00:00,28.17,16.82,33.5,30.9,1017.67,-38.97,1017.67,0.13,26.48,9.39,463.71,18.48,212.71,22.4,28.13,36.8061290008662,29.4,0.938,2026-05-29 17:07:30,31,"park",NA,NA,NA,NA,"workoutpark",2026-05-29 19:07:30,19.1166666666667,16.2363868786334,"afternoon",0.374662211060301,8.63612900086618,2.77,5.55161049655616,1.192,-0.475
"workoutpark",2026-05-29 18:00:00,25.12,16.82,22.71,43.25,1017.19,-34.39,1017.19,0,24.06,11.72,371.52,17.81,246.11,19.52,25.08,22.71,23.8,0.938,2026-05-29 18:07:30,31,"park",NA,NA,NA,NA,"workoutpark",2026-05-29 20:07:30,20.1166666666667,7.66217047052798,"afternoon",0.374662211060301,-2.41000000000002,0.800000000000001,-0.79333859514416,0.912000000000003,-0.022
"workoutpark",2026-05-29 19:00:00,21.57,15.63,19.8,53.99,1017.43,-36.45,1017.44,0,21.24,11.87,245.06,16.34,259.68,17.56,21.53,19.8,21,0.938,2026-05-29 19:07:30,31,"park",NA,NA,NA,NA,"workoutpark",2026-05-29 21:07:30,21.1166666666667,-0.12506275799883,"night",0.374662211060301,-1.76999999999999,-0.780000000000001,-2.30343698412905,-1.119,-0.033
"workoutpark",2026-05-29 20:00:00,19.4,14.7,17.46,60.67,1017.42,-36,1017.42,0,18.51,11.6,168.19,15.27,271.41,16.11,19.36,17.46,19.1,0.938,2026-05-29 20:07:30,31,"park",NA,NA,NA,NA,"workoutpark",2026-05-29 22:07:30,22.1166666666667,-6.7596771807763,"night",0.374662211060301,-1.94000000000002,-1.44,-3.06289510876957,-1.779,-0.133
"workoutpark",2026-05-29 21:00:00,20.8,14.14,19.92,48.12,1017.22,-35.36,1017.27,0.48,19.94,9.42,211.24,14.76,318.99,16.38,20.74,18.518469700904,19.7,0.938,2026-05-29 21:08:00,25,"park",NA,NA,NA,NA,"workoutpark",2026-05-29 23:08:00,23.1333333333333,-11.8854373635194,"night",0.48,-2.28153029909599,-0.490000000000002,-1.85474139397201,-0.948,-0.211
"einsteinpark",2026-05-29 03:00:00,9.78,8.17,8.53,81.05,1021.32,-69.64,1021.32,0,9.61,6.7,-235.21,8.35,320,8.55,9.75,8.52999999999997,10.8,0.829,2026-05-29 03:20:45,28,"forum",NA,NA,NA,NA,"einsteinpark",2026-05-29 05:20:45,5.33333333333333,2.58720655771914,"morning",0.374662211060301,-1.25000000000003,-0.549999999999999,-1.4908941970399,-0.242000000000001,-0.012
"einsteinpark",2026-05-29 04:00:00,11.08,8.92,10.65,75.73,1021.47,-70.07,1021.47,0,10.73,6.95,-188.74,9.19,313.68,9.64,11.03,10.65,12.2,0.829,2026-05-29 04:19:50,27,"forum",NA,NA,NA,NA,"einsteinpark",2026-05-29 06:19:50,6.31666666666667,10.5948306835264,"morning",0.374662211060301,-0.430000000000023,-2.5,-4.6304145848379,-1.959,-0.14
"einsteinpark",2026-05-29 05:00:00,18.93,13.02,25.41,51.07,1021.71,-72.86,1021.72,0.08,17.38,8.6,98.05,14.74,243.07,17.21,18.89,28.6639678196188,22,0.829,2026-05-29 05:20:30,21,"forum",NA,NA,NA,NA,"einsteinpark",2026-05-29 07:20:30,7.33333333333333,19.4803826829196,"morning",0.374662211060301,9.73396781961879,1.72,2.54525597396121,1.273,-0.336
"einsteinpark",2026-05-29 06:00:00,19.04,12.55,31.87,46.7,1021.64,-72,1021.64,1.28,17.33,7.39,99.35,15.75,288.69,19.28,19.01,60.1138622595822,29.7,0.829,2026-05-29 06:21:00,17,"forum",NA,NA,NA,NA,"einsteinpark",2026-05-29 08:21:00,8.35,28.6635636800984,"morning",1.28,41.0738622595822,4.66666666666667,21.4219522720813,-1.06111111111111,0.624444444444444
"einsteinpark",2026-05-29 07:00:00,21.89,13.8,35.04,40.15,1021.6,-71.35,1021.6,1.13,20.83,7.72,200.69,16.82,267.42,20.87,21.83,61.3598314013165,31.7,0.829,2026-05-29 07:19:55,26,"forum",NA,NA,NA,NA,"einsteinpark",2026-05-29 09:19:55,9.31666666666667,37.5504558162866,"morning",1.13,39.4698314013165,5.72222222222222,20.4898887849396,0.411111111111111,0.276666666666667
"einsteinpark",2026-05-29 08:00:00,24.57,15.08,36.53,35.53,1021.41,-69.87,1021.41,0.73,23.05,8.31,298.48,17.9,240.45,22.19,24.52,55.3563910320914,32.1,0.829,2026-05-29 08:20:10,23,"forum",NA,NA,NA,NA,"einsteinpark",2026-05-29 10:20:10,10.3333333333333,46.088728508515,"midday",0.73,30.7863910320914,2.23,4.06563700339972,1.11,-0.244
"einsteinpark",2026-05-29 09:00:00,24.76,14.89,36.39,33.73,1021.13,-67.12,1021.13,0.79,23.14,7.73,306.56,17.23,263.39,21.64,24.73,55.5774860087575,32.1,0.829,2026-05-29 09:20:45,16,"forum",NA,NA,NA,NA,"einsteinpark",2026-05-29 11:20:45,11.3333333333333,53.3365190489619,"midday",0.79,30.8174860087575,1.81111111111111,4.97091378802957,0.411111111111111,-0.0488888888888889
"einsteinpark",2026-05-29 10:00:00,26.05,15.02,39.23,29.41,1020.91,-65.42,1020.91,0.89,24.12,6.85,350.53,18.03,242.95,22.94,25.99,61.6304185592513,34.2,0.829,2026-05-29 10:20:20,19,"forum",NA,NA,NA,NA,"einsteinpark",2026-05-29 12:20:20,12.3333333333333,57.9819144509091,"midday",0.89,35.5804185592513,3.3,8.86722890093466,0.865000000000002,-0.222
"einsteinpark",2026-05-29 11:00:00,27.77,15.61,40.13,26.36,1020.23,-60.19,1020.23,0.72,25.69,6.72,416.59,18.69,224.9,23.8,27.72,58.8011494927259,34.6,0.829,2026-05-29 11:20:40,27,"forum",NA,NA,NA,NA,"einsteinpark",2026-05-29 13:20:40,13.3333333333333,58.8698271497031,"midday",0.72,31.0311494927259,2.24,3.718006419354,1.386,-0.378
"einsteinpark",2026-05-29 12:00:00,28.25,15.44,42.69,24,1019.41,-53.04,1019.4,0.88,26.07,5.77,438.88,19.12,212.19,24.67,28.22,66.1808007588175,36.6,0.829,2026-05-29 12:26:00,25,"forum",NA,NA,NA,NA,"einsteinpark",2026-05-29 14:26:00,14.4333333333333,55.173836171469,"midday",0.88,37.9308007588175,4.44444444444444,12.4433248573836,1.31444444444444,-0.328888888888889
"einsteinpark",2026-05-29 14:00:00,31.71,17.43,39.85,22.81,1018.41,-44.71,1018.41,0,29.86,7.92,572.59,19.88,171.52,24.95,31.68,39.85,32.4,0.829,2026-05-29 14:19:50,17,"forum",NA,NA,NA,NA,"einsteinpark",2026-05-29 16:19:50,16.3166666666667,41.3821485118257,"afternoon",0.374662211060301,8.14000000000002,0.919999999999998,-3.66825998391278,2.477,-0.462
"einsteinpark",2026-05-29 15:00:00,29.83,16.18,40.39,22.7,1017.68,-39,1017.68,0.85,27.66,6.28,511.69,18.95,227.2,24.27,29.78,58.0540377697868,35.6,0.829,2026-05-29 15:21:05,26,"forum",NA,NA,NA,NA,"einsteinpark",2026-05-29 17:21:05,17.35,32.3151160878633,"afternoon",0.85,28.2240377697868,5.53,16.0805220605136,1.557,-0.0590000000000001
"einsteinpark",2026-05-29 16:00:00,26.95,15.13,27.91,26.83,1017.19,-34.48,1017.19,0,24.89,6.29,418,16.4,245.89,19.74,26.9,27.91,25.8,0.829,2026-05-29 16:19:30,21,"forum",NA,NA,NA,NA,"einsteinpark",2026-05-29 18:19:30,18.3166666666667,23.4323431606958,"afternoon",0.374662211060301,0.960000000000026,-1.39,-6.05266230590927,-0.0579999999999998,-0.886
"einsteinpark",2026-05-29 17:00:00,28.06,15.68,32.21,25.73,1016.64,-30.03,1016.63,0.27,25.93,6.62,462.84,17.25,219.7,21.27,28.01,36.2373583515621,28.8,0.829,2026-05-29 17:21:30,31,"forum",NA,NA,NA,NA,"einsteinpark",2026-05-29 19:21:30,19.35,14.1835396947648,"afternoon",0.374662211060301,8.17735835156214,2.17,4.98283984725212,1.082,-0.335
"einsteinpark",2026-05-29 18:00:00,23.81,14.04,22.88,32.91,1016.16,-26.03,1016.16,0,22.18,6.53,320.24,15.21,258.1,17.62,23.75,22.88,22.4,0.829,2026-05-29 18:20:30,29,"forum",NA,NA,NA,NA,"einsteinpark",2026-05-29 20:20:30,20.3333333333333,5.89605441214078,"afternoon",0.374662211060301,-0.930000000000003,-0.600000000000001,-0.623338595144144,-0.398,-0.022
"einsteinpark",2026-05-29 19:00:00,23.06,13.9,22.11,35.16,1017,-33.18,1017,0,21.7,6.84,287.05,15.04,261.15,17.24,23.02,22.11,21.8,0.829,2026-05-29 19:20:15,22,"forum",NA,NA,NA,NA,"einsteinpark",2026-05-29 21:20:15,21.3333333333333,-1.64432145050734,"night",0.374662211060301,-0.949999999999985,0.0199999999999996,0.00656301587094887,0.370999999999999,-0.033
"einsteinpark",2026-05-29 20:00:00,21.14,13.68,19.82,43.24,1016.49,-28.41,1016.49,0,20.24,8.16,227.86,14.58,269.22,16.29,21.1,19.82,20.2,0.829,2026-05-29 20:20:15,22,"forum",NA,NA,NA,NA,"einsteinpark",2026-05-29 22:20:15,22.3333333333333,-7.98405499745083,"night",0.374662211060301,-1.32000000000001,-0.34,-0.702895108769553,-0.0390000000000015,-0.133
"einsteinpark",2026-05-29 21:00:00,21.34,13.47,20.67,40.93,1016.48,-28.57,1016.48,0.1,20.44,7.54,233.7,14.42,268.47,16.34,21.31,20.2589309015038,20.4,0.829,2026-05-29 21:19:50,23,"forum",NA,NA,NA,NA,"einsteinpark",2026-05-29 23:19:50,23.3166666666667,-12.6703697730441,"night",0.374662211060301,-1.08106909849621,0.209999999999997,-0.114280193372231,-0.408000000000001,-0.591
"forum",2026-05-29 03:00:00,11.34,9.16,10.09,75.48,1021.48,-70.06,1021.48,0.01,10.99,7.17,-178.17,9.44,315.73,9.74,11.29,9.87516106355173,12,0.915,2026-05-29 03:07:55,36,"forum",NA,NA,NA,NA,"forum",2026-05-29 05:07:55,5.11666666666667,0.965113293227656,"morning",0.374662211060301,-1.46483893644827,0.65,-0.145733133488147,1.318,-0.002
"forum",2026-05-29 04:00:00,12.22,9.52,12.32,71.44,1021.6,-71.75,1021.6,0.64,11.8,7.22,-146.75,9.8,320,10.6,12.2,12.5231120411637,12.8,0.915,2026-05-29 04:08:35,12,"forum",NA,NA,NA,NA,"forum",2026-05-29 06:08:35,6.13333333333333,9.01074289953716,"morning",0.64,0.303112041163699,-1.9,-2.75730254367418,-0.818999999999999,0.5
"forum",2026-05-29 05:00:00,16.52,12,24.95,58.67,1021.72,-73,1021.72,0.58,15.26,8.4,10.95,13.92,305.82,16.33,16.47,38.2261105585118,23.7,0.915,2026-05-29 05:08:55,20,"forum",NA,NA,NA,NA,"forum",2026-05-29 07:08:55,7.13333333333333,17.7480019987609,"morning",0.58,21.7061105585118,3.42,12.1073987128542,-1.137,0.164
"forum",2026-05-29 06:00:00,20.2,13.3,29.91,45.78,1021.52,-70.77,1021.52,0.65,18.96,8.14,143.41,15.54,289.37,18.8,20.15,45.3455535526701,27.3,0.915,2026-05-29 06:09:05,22,"forum",NA,NA,NA,NA,"forum",2026-05-29 08:09:05,8.15,26.8465086720819,"morning",0.65,25.1455535526701,2.26666666666667,6.65364356516923,0.0988888888888866,-0.00555555555555554
"forum",2026-05-29 07:00:00,21.08,13.3,33.42,40.92,1021.32,-68.85,1021.32,1.16,20.02,7.28,174.23,16.39,278.96,20.23,21.04,58.9855530258569,30.6,0.915,2026-05-29 07:08:40,13,"forum",NA,NA,NA,NA,"forum",2026-05-29 09:08:40,9.13333333333333,35.8773895659109,"morning",1.16,37.9055530258569,4.62222222222222,18.11561040948,-0.398888888888891,0.306666666666667
"forum",2026-05-29 08:00:00,21.89,13.53,33.13,38.36,1021.6,-71.43,1021.6,1.25,20.83,7.07,199.17,16.12,293.54,20.01,21.85,57.6717001715855,30.4,0.915,2026-05-29 08:08:20,23,"forum",NA,NA,NA,NA,"forum",2026-05-29 10:08:20,10.1333333333333,44.4866065168136,"midday",1.25,35.7817001715855,0.529999999999998,6.38094614289383,-1.57,0.276
"forum",2026-05-29 09:00:00,24.73,14.47,36.85,31.44,1021.2,-67.57,1021.2,0.65,22.96,6.69,301.86,17.28,248.24,21.84,24.7,54.676512634768,31.9,0.915,2026-05-29 09:08:40,21,"forum",NA,NA,NA,NA,"forum",2026-05-29 11:08:40,11.1333333333333,52.0497341005755,"midday",0.65,29.946512634768,1.61111111111111,4.06994041403998,0.38111111111111,-0.188888888888889
"forum",2026-05-29 10:00:00,25.24,14.44,36.54,29.35,1021.12,-66.88,1021.11,0.76,23.35,6.13,319.41,17.05,258.98,21.65,25.22,54.8095028353426,32.1,0.915,2026-05-29 10:08:30,17,"forum",NA,NA,NA,NA,"forum",2026-05-29 12:08:30,12.1333333333333,57.3221490978567,"midday",0.76,29.5695028353426,1.2,2.04631317702603,0.0549999999999997,-0.352
"forum",2026-05-29 11:00:00,25.6,14.48,37.99,28.14,1020.57,-62.83,1020.57,1.47,23.59,5.82,336.17,17.54,257.87,22.37,25.55,66.016228020529,34.3,0.915,2026-05-29 11:08:25,18,"forum",NA,NA,NA,NA,"forum",2026-05-29 13:08:25,13.1333333333333,59.0394247306272,"midday",1.47,40.416228020529,1.94,10.933084947157,-0.783999999999999,0.372
"forum",2026-05-29 12:00:00,27.35,14.95,40.29,24.59,1019.66,-55.16,1019.66,1.43,25.17,5.35,404.79,18.38,235.26,23.62,27.33,68.4591890062418,36.1,0.915,2026-05-29 12:09:10,19,"forum",NA,NA,NA,NA,"forum",2026-05-29 14:09:10,14.15,56.5330451018183,"midday",1.43,41.1091890062418,3.94444444444444,14.7217131048079,0.414444444444445,0.221111111111111
"forum",2026-05-29 13:00:00,28.92,15.93,38.67,24.24,1018.97,-49.38,1018.98,0,26.78,6.46,467.75,18.9,180.22,23.79,28.87,38.67,30,0.915,2026-05-29 13:19:05,16,"forum",NA,NA,NA,NA,"forum",2026-05-29 15:19:05,15.3166666666667,49.5175661656114,"midday",0.374662211060301,9.75000000000001,-1.15555555555556,-6.83385791348596,0.661111111111111,-0.684444444444444
"forum",2026-05-29 14:00:00,29.05,15.78,38.15,23.2,1018.41,-44.58,1018.41,0,26.83,5.94,476.5,18.49,184.52,23.39,29,38.15,29.9,0.915,2026-05-29 14:08:05,24,"forum",NA,NA,NA,NA,"forum",2026-05-29 16:08:05,16.1333333333333,43.0463680954845,"afternoon",0.374662211060301,9.09999999999998,-1.58,-5.36825998391282,-0.183,-0.462
"forum",2026-05-29 15:00:00,28.62,15.15,36.67,21.72,1017.63,-38.62,1017.63,0,26.23,4.64,466.88,17.81,194.29,22.6,28.57,36.67,29.1,0.915,2026-05-29 15:08:05,26,"forum",NA,NA,NA,NA,"forum",2026-05-29 17:08:05,17.1333333333333,34.2772241785645,"afternoon",0.374662211060301,8.05000000000001,-0.969999999999999,-5.30351570927322,0.347000000000001,-0.909
"forum",2026-05-29 16:00:00,27.05,14.75,28.54,24.65,1016.99,-32.7,1016.99,0.76,24.87,5.14,420.61,15.51,313.41,19.27,26.99,31.3461422162978,26.6,0.915,2026-05-29 16:08:50,23,"forum",NA,NA,NA,NA,"forum",2026-05-29 18:08:50,18.1333333333333,25.052531877631,"afternoon",0.76,4.29614221629778,-0.59,-2.61652008961151,0.0420000000000016,-0.126
"forum",2026-05-29 17:00:00,26.57,14.68,28.61,25.87,1016.81,-31.54,1016.81,1.33,24.44,5.44,407,15.32,320,19.09,26.54,33.9150943948352,26.4,0.915,2026-05-29 17:08:15,26,"forum",NA,NA,NA,NA,"forum",2026-05-29 19:08:15,19.1333333333333,16.125760330717,"afternoon",1.33,7.34509439483519,-0.23,2.66057589052518,-0.408000000000001,0.725
"forum",2026-05-29 18:00:00,25.8,14.6,25.7,27.9,1016.3,-27,1016.3,0,23.7,5.8,385,15.8,246.2,18.8,25.7,25.7,24.4,0.915,2026-05-29 18:10:30,1,"forum",NA,NA,NA,NA,"forum",2026-05-29 20:10:30,20.1666666666667,7.25120581714068,"afternoon",0.374662211060301,-0.100000000000012,1.4,2.19666140485585,1.592,-0.022
"forum",2026-05-29 19:00:00,24.44,14.39,24.17,32.35,1016.6,-29.38,1016.6,0.09,22.68,6.85,339,15.59,251.32,18.15,24.39,24.0201220011955,23.1,0.915,2026-05-29 19:07:45,24,"forum",NA,NA,NA,NA,"forum",2026-05-29 21:07:45,21.1166666666667,-0.155363327683588,"night",0.374662211060301,-0.419877998804456,1.32,1.91668501706648,1.751,0.057
"forum",2026-05-29 20:00:00,22.85,14.11,22.44,37.52,1016.52,-28.92,1016.52,0,21.62,7.61,286.23,15.13,258.26,17.4,22.8,22.44,21.9,0.915,2026-05-29 20:08:50,13,"forum",NA,NA,NA,NA,"forum",2026-05-29 22:08:50,22.1333333333333,-6.89104778821852,"night",0.374662211060301,-0.410000000000004,1.36,1.91710489123045,1.671,-0.133
"forum",2026-05-29 21:00:00,22.41,13.95,22.17,38.58,1016.47,-28.45,1016.47,0.26,21.32,7.61,271.36,14.79,302.75,17.04,22.4,21.9129270564221,21.5,0.915,2026-05-29 21:08:50,11,"forum",NA,NA,NA,NA,"forum",2026-05-29 23:08:50,23.1333333333333,-11.9432042960579,"night",0.374662211060301,-0.49707294357788,1.31,1.5397159615461,0.661999999999999,-0.431
"kekulepark",2026-05-29 03:00:00,9.82,8.22,9.72,81.03,1021.41,-70,1021.41,0,9.68,6.72,-234.16,8.3,318.57,8.78,9.78,9.72000000000003,11.2,0.414,2026-05-29 03:31:50,25,"forum",NA,NA,NA,NA,"kekulepark",2026-05-29 05:31:50,5.51666666666667,4.02532337075283,"morning",0.374662211060301,-0.099999999999973,-0.15,-0.300894197039849,-0.202,-0.012
"kekulepark",2026-05-29 04:00:00,11.66,9.32,12.26,74.62,1021.61,-71.8,1021.61,0,11.22,7.29,-167.72,9.56,305.82,10.28,11.61,12.26,13.1,0.414,2026-05-29 04:31:00,25,"forum",NA,NA,NA,NA,"kekulepark",2026-05-29 06:31:00,6.51666666666667,12.1900992382921,"morning",0.374662211060301,0.599999999999991,-1.6,-3.02041458483789,-1.379,-0.14
"kekulepark",2026-05-29 05:00:00,18.24,12.36,17.11,50.27,1021.8,-73.71,1021.8,0,16.45,7.75,69.96,13.06,282.72,14.38,18.2,17.11,17.8,0.414,2026-05-29 05:31:15,28,"forum",NA,NA,NA,NA,"kekulepark",2026-05-29 07:31:15,7.51666666666667,21.0987971360995,"morning",0.374662211060301,-1.12999999999998,-2.48,-9.00871184565757,0.582999999999998,-0.416
"kekulepark",2026-05-29 06:00:00,19.09,12.43,20.05,45.56,1021.65,-72,1021.65,0.2,17.36,7.08,100.48,12.96,289.81,14.96,19.06,20.9424574712485,19.4,0.414,2026-05-29 06:31:10,25,"forum",NA,NA,NA,NA,"kekulepark",2026-05-29 08:31:10,8.51666666666667,30.2122850794348,"morning",0.374662211060301,1.85245747124847,-5.63333333333333,-17.7494525162524,-1.01111111111111,-0.455555555555556
"kekulepark",2026-05-29 07:00:00,21.54,13.29,24.51,38.57,1021.75,-73,1021.75,0.28,20.4,6.83,184.77,13.79,294.64,16.64,21.5,27.7021448062368,22.7,0.414,2026-05-29 07:31:25,30,"forum",NA,NA,NA,NA,"kekulepark",2026-05-29 09:31:25,9.51666666666667,39.2415542871685,"morning",0.374662211060301,6.16214480623679,-3.27777777777778,-13.1677978101402,0.06111111111111,-0.573333333333333
"kekulepark",2026-05-29 08:00:00,24.67,15.05,35.95,35,1021.52,-70.85,1021.52,0.35,23.18,8.16,300.56,17.24,245.8,21.53,24.64,47.8262388430344,30.3,0.414,2026-05-29 08:31:20,27,"forum",NA,NA,NA,NA,"kekulepark",2026-05-29 10:31:20,10.5166666666667,47.5551739591716,"midday",0.374662211060301,23.1562388430344,0.43,-3.46451518565727,1.21,-0.624
"kekulepark",2026-05-29 09:00:00,23.59,13.86,25.51,32.74,1021.16,-67.23,1021.16,0.37,22.01,6.27,260.97,14.47,291.02,17.54,23.53,27.93426134022,23.8,0.414,2026-05-29 09:31:35,30,"forum",NA,NA,NA,NA,"kekulepark",2026-05-29 11:31:35,11.5166666666667,54.4049751948339,"midday",0.374662211060301,4.34426134022002,-6.48888888888889,-22.672310880508,-0.75888888888889,-0.468888888888889
"kekulepark",2026-05-29 10:00:00,23.84,13.77,25.37,31.16,1020.98,-66.12,1020.98,0.58,22.12,5.78,270.62,14.27,313.06,17.4,23.81,27.9020882168872,23.8,0.414,2026-05-29 10:31:25,32,"forum",NA,NA,NA,NA,"kekulepark",2026-05-29 12:31:25,12.5166666666667,58.4631678368637,"midday",0.58,4.06208821688719,-7.1,-24.8611014414294,-1.345,-0.532
"kekulepark",2026-05-29 11:00:00,25.13,14.34,27.07,29.17,1020.22,-60,1020.22,0.8,23.18,5.93,323.43,14.89,312.72,18.29,25.08,30.8742023017313,25.2,0.414,2026-05-29 11:32:30,23,"forum",NA,NA,NA,NA,"kekulepark",2026-05-29 13:32:30,13.5333333333333,58.5380036133623,"midday",0.8,5.74420230173126,-7.16,-24.2089407716407,-1.254,-0.298
"kekulepark",2026-05-29 12:00:00,25.76,14.35,27.23,26.96,1019.52,-53.68,1019.51,0.53,23.7,5.33,351,15.09,312.89,18.54,25.71,29.4953359738311,25.4,0.414,2026-05-29 12:37:45,28,"forum",NA,NA,NA,NA,"kekulepark",2026-05-29 14:37:45,14.6166666666667,54.0856418675098,"midday",0.53,3.73533597383106,-6.75555555555556,-24.2421399276028,-1.17555555555555,-0.678888888888889
"kekulepark",2026-05-29 13:00:00,27.79,15.59,28.71,26.07,1018.86,-48,1018.86,0,25.71,6.61,431.29,16.36,231.09,19.9,27.77,28.71,26.5,0.414,2026-05-29 13:28:30,7,"forum",NA,NA,NA,NA,"kekulepark",2026-05-29 15:28:30,15.4666666666667,48.3463537196902,"midday",0.374662211060301,0.91999999999998,-4.65555555555556,-16.793857913486,-0.468888888888891,-0.684444444444444
"kekulepark",2026-05-29 14:00:00,29.25,16,37.24,23.56,1018.57,-46.13,1018.57,0,27.09,6.33,482.9,18.59,187.77,23.34,29.21,37.24,29.8,0.414,2026-05-29 14:30:35,30,"forum",NA,NA,NA,NA,"kekulepark",2026-05-29 16:30:35,16.5,39.8323502351432,"afternoon",0.374662211060301,7.99000000000001,-1.68,-6.27825998391279,0.0169999999999995,-0.462
"kekulepark",2026-05-29 15:00:00,27.82,15.04,29.72,23.58,1017.75,-39.04,1017.75,0.79,25.59,5.18,439.92,15.8,306.33,19.76,27.79,33.3256704630901,27.6,0.414,2026-05-29 15:32:10,25,"forum",NA,NA,NA,NA,"kekulepark",2026-05-29 17:32:10,17.5333333333333,30.6338950338745,"afternoon",0.79,5.50567046309009,-2.47,-8.64784524618315,-0.452999999999999,-0.119
"kekulepark",2026-05-29 16:00:00,26.82,14.7,28.57,24.95,1017.48,-36.62,1017.48,0.98,24.67,5.12,407.88,15.44,317.47,19.2,26.77,32.3885473895928,26.6,0.414,2026-05-29 16:29:55,26,"forum",NA,NA,NA,NA,"kekulepark",2026-05-29 18:29:55,18.4833333333333,21.8552965312219,"afternoon",0.98,5.56854738959276,-0.59,-1.57411491631653,-0.187999999999999,0.094
"kekulepark",2026-05-29 17:00:00,26.15,14.48,26.51,26.39,1016.66,-30.04,1016.67,1.27,24.1,5.37,393.5,15.52,301.63,18.77,26.11,27.4601800537538,24.4,0.414,2026-05-29 17:33:15,24,"forum",NA,NA,NA,NA,"kekulepark",2026-05-29 19:33:15,19.55,12.4824403504444,"afternoon",1.27,1.31018005375385,-2.23,-3.79433845055617,-0.828000000000003,0.665
"kekulepark",2026-05-29 18:00:00,23.38,13.73,23.16,32.88,1016.31,-27.54,1016.31,0,21.86,6.17,303.75,14.92,257.42,17.41,23.35,23.16,22.2,0.414,2026-05-29 18:31:35,24,"forum",NA,NA,NA,NA,"kekulepark",2026-05-29 20:31:35,20.5166666666667,4.42211063421773,"afternoon",0.374662211060301,-0.219999999999974,-0.800000000000001,-0.343338595144115,-0.827999999999999,-0.022
"kekulepark",2026-05-29 19:00:00,22.76,13.78,22.49,35.79,1016.93,-32.15,1016.93,0,21.49,6.84,277.04,14.9,259.37,17.2,22.71,22.49,21.7,0.414,2026-05-29 19:31:10,27,"forum",NA,NA,NA,NA,"kekulepark",2026-05-29 21:31:10,21.5166666666667,-2.90105506005844,"night",0.374662211060301,-0.269999999999992,-0.0800000000000018,0.386563015870944,0.0710000000000015,-0.033
"kekulepark",2026-05-29 20:00:00,20.84,13.66,20.5,44.81,1016.56,-29,1016.56,0,19.85,8.41,217.46,14.52,265.69,16.34,20.81,20.5,20.3,0.414,2026-05-29 20:31:35,28,"forum",NA,NA,NA,NA,"kekulepark",2026-05-29 22:31:35,22.5166666666667,-9.0107560430815,"night",0.374662211060301,-0.34,-0.239999999999998,-0.0228951087695464,-0.339000000000002,-0.133
"kekulepark",2026-05-29 21:00:00,21.31,13.43,21.24,40.76,1016.38,-28,1016.38,0,20.35,7.44,232.23,14.42,264.15,16.46,21.25,21.24,20.6,0.414,2026-05-29 21:31:25,30,"forum",NA,NA,NA,NA,"kekulepark",2026-05-29 23:31:25,23.5166666666667,-13.3634462699268,"night",0.374662211060301,-0.0699999999999896,0.41,0.86678890512399,-0.438000000000002,-0.691
"rudower north",2026-05-29 03:00:00,13.34,10.18,17.4,67.44,1021.62,-71.45,1021.61,0.09,12.65,7.44,-105.5,11.33,282.53,12.71,13.3,19.783640801742,16.5,0.619,2026-05-29 03:56:35,20,"forum",NA,NA,NA,NA,"rudower north",2026-05-29 05:56:35,5.93333333333333,7.34912617313206,"morning",0.374662211060301,6.44364080174202,5.15,9.76274660470215,3.318,0.078
"rudower north",2026-05-29 04:00:00,16.53,11.88,23.76,57.7,1021.8,-73.48,1021.8,0.17,15.21,8.17,9.97,13.76,272.97,15.99,16.49,29.4899963029833,21.2,0.619,2026-05-29 04:55:50,29,"forum",NA,NA,NA,NA,"rudower north",2026-05-29 06:55:50,6.91666666666667,15.8086101710774,"morning",0.374662211060301,12.9599963029833,6.5,14.2095817181455,3.491,0.03
"rudower north",2026-05-29 05:00:00,20.32,13.26,30.01,44.72,1021.58,-71.39,1021.58,0.37,19.12,7.91,146.9,15.5,264.19,18.77,20.29,41.2147291859256,26.4,0.619,2026-05-29 05:55:40,31,"forum",NA,NA,NA,NA,"rudower north",2026-05-29 07:55:40,7.91666666666667,24.8021530797253,"morning",0.374662211060301,20.8947291859256,6.12,15.096017340268,2.663,-0.046
"rudower north",2026-05-29 06:00:00,21.76,13.64,32.53,39.71,1021.37,-69.35,1021.37,0.74,20.81,7.48,198.42,16.08,276.62,19.83,21.72,50.3664966049806,29.2,0.619,2026-05-29 06:56:25,26,"forum",NA,NA,NA,NA,"rudower north",2026-05-29 08:56:25,8.93333333333333,34.0388842082576,"morning",0.74,28.6064966049806,4.16666666666667,11.6745866174797,1.65888888888889,0.0844444444444444
"rudower north",2026-05-29 07:00:00,22.86,13.72,35.13,35.22,1021.49,-70.44,1021.5,0.73,21.5,6.67,233,16.31,272.14,20.57,22.81,54.6367329287096,30.9,0.619,2026-05-29 07:56:45,18,"forum",NA,NA,NA,NA,"rudower north",2026-05-29 09:56:45,9.93333333333333,42.8768948025574,"morning",0.73,31.7767329287096,4.92222222222222,13.7667903123327,1.38111111111111,-0.123333333333333
"rudower north",2026-05-29 08:00:00,23.92,13.97,38.38,31.95,1021.12,-67.24,1021.12,1.31,22.26,6.2,272.97,17.44,253.66,22.19,23.88,68.4949941173182,34.2,0.619,2026-05-29 08:55:40,29,"forum",NA,NA,NA,NA,"rudower north",2026-05-29 10:55:40,10.9166666666667,50.5658707689512,"midday",1.31,44.5749941173182,4.33,17.2042400886265,0.460000000000001,0.336
"rudower north",2026-05-29 09:00:00,25.29,14.72,38.62,30.59,1021.12,-67.08,1021.11,0.74,23.41,6.75,321.67,17.87,245.03,22.67,25.24,59.1932203572588,33.3,0.619,2026-05-29 09:55:35,24,"forum",NA,NA,NA,NA,"rudower north",2026-05-29 11:55:35,11.9166666666667,56.4410381571303,"midday",0.74,33.9032203572588,3.01111111111111,8.58664813653086,0.941111111111109,-0.0988888888888889
"rudower north",2026-05-29 10:00:00,25.86,14.49,35.94,27.36,1020.61,-63.11,1020.61,1.12,23.83,5.62,344.17,16.83,265.95,21.45,25.82,56.4057679463678,32.4,0.619,2026-05-29 10:52:55,54,"forum",NA,NA,NA,NA,"rudower north",2026-05-29 12:52:55,12.8666666666667,58.9960492087365,"midday",1.12,30.5457679463678,1.5,3.64257828805119,0.675000000000001,0.00800000000000001
"rudower north",2026-05-29 11:00:00,26.92,15.05,39.84,26.43,1019.89,-57.54,1019.88,0.97,24.85,6.05,388.69,18.08,243.69,23.22,26.88,62.774226880369,34.9,0.619,2026-05-29 11:56:10,13,"forum",NA,NA,NA,NA,"rudower north",2026-05-29 13:56:10,13.9333333333333,57.4034136801549,"midday",0.97,35.854226880369,2.54,7.69108380699706,0.536000000000001,-0.128
"rudower north",2026-05-29 13:00:00,28.82,15.82,37.86,24.04,1018.82,-48.09,1018.82,0,26.64,6.28,465.6,18.5,185.45,23.3,28.78,37.86,29.7,0.619,2026-05-29 13:26:33.962264,53,"forum",NA,NA,NA,NA,"rudower north",2026-05-29 15:26:33.962264,15.4333333333333,48.5901817709502,"midday",0.374662211060301,9.04000000000001,-1.45555555555556,-7.64385791348597,0.56111111111111,-0.684444444444444
"rudower north",2026-05-29 14:00:00,28.62,15.45,30.09,23.06,1018.08,-42.14,1018.07,0,26.34,5.51,464.18,16.77,225.69,20.58,28.56,30.09,27.4,0.619,2026-05-29 14:54:45,28,"forum",NA,NA,NA,NA,"rudower north",2026-05-29 16:54:45,16.9,36.2737091675527,"afternoon",0.374662211060301,1.46999999999997,-4.08,-13.4282599839128,-0.613,-0.462
"rudower north",2026-05-29 15:00:00,27.9,15.07,28.95,23.47,1017.22,-34.74,1017.22,0.62,25.65,5.17,447.74,16.07,290.95,19.8,27.87,30.7021379139667,27,0.619,2026-05-29 15:56:20,23,"forum",NA,NA,NA,NA,"rudower north",2026-05-29 17:56:20,17.9333333333333,26.9552623672883,"afternoon",0.62,2.80213791396668,-3.07,-11.2713777953066,-0.373000000000001,-0.289
"rudower north",2026-05-29 16:00:00,27.13,14.88,27.56,24.87,1016.98,-32.4,1016.98,1.07,25,5.35,425.03,15.52,319.17,19.05,27.11,28.5730565363512,25.6,0.619,2026-05-29 16:54:55,30,"forum",NA,NA,NA,NA,"rudower north",2026-05-29 18:54:55,18.9,18.1023174836956,"afternoon",1.07,1.4430565363512,-1.59,-5.38960576955809,0.122,0.184
"rudower north",2026-05-29 17:00:00,26.37,14.82,26.3,27.08,1016.42,-28,1016.42,0.34,24.32,5.93,405,15.8,288.92,18.94,26.32,26.2155949080793,24.9,0.619,2026-05-29 17:56:35,24,"forum",NA,NA,NA,NA,"rudower north",2026-05-29 19:56:35,19.9333333333333,9.1738600121497,"afternoon",0.374662211060301,-0.15440509192069,-1.73,-5.03892359623071,-0.608000000000001,-0.265
"rudower north",2026-05-29 18:00:00,24.71,14.43,24.73,31.46,1016.36,-28,1016.36,0.18,22.88,6.67,350.24,15.64,249.14,18.33,24.67,24.7467188147425,23.5,0.619,2026-05-29 18:54:50,25,"forum",NA,NA,NA,NA,"rudower north",2026-05-29 20:54:50,20.9,1.43570231376567,"afternoon",0.374662211060301,0.03671881474245,0.5,1.24338021959831,0.502000000000002,0.158
"rudower north",2026-05-29 19:00:00,23.71,14.24,23.55,34.46,1016.71,-30.96,1016.71,0,22.2,7.12,313.54,15.39,253.46,17.89,23.69,23.55,22.6,0.619,2026-05-29 19:56:15,26,"forum",NA,NA,NA,NA,"rudower north",2026-05-29 21:56:15,21.9333333333333,-5.62130696653777,"night",0.374662211060301,-0.159999999999989,0.82,1.44656301587095,1.021,-0.033
"rudower north",2026-05-29 20:00:00,22.51,14.02,22.39,38.59,1016.29,-27.44,1016.29,0.79,21.42,7.72,277.19,14.71,320,17.01,22.46,22.1401772484461,21.2,0.619,2026-05-29 20:55:30,27,"forum",NA,NA,NA,NA,"rudower north",2026-05-29 22:55:30,22.9166666666667,-10.9747636377792,"night",0.79,-0.369822751553908,0.66,1.61728213967655,1.331,0.657
"rudower north",2026-05-29 21:00:00,22.63,14.01,22.24,37.93,1016.19,-26.46,1016.19,2.28,21.49,7.59,282.57,14.35,320,16.75,22.59,20.6939561822784,18.2,0.619,2026-05-29 21:56:05,28,"forum",NA,NA,NA,NA,"rudower north",2026-05-29 23:56:05,23.9333333333333,-14.5808400622174,"night",2.28,-1.93604381772156,-1.99,0.320745087402422,0.881999999999998,1.589
"rudower south",2026-05-29 03:00:00,10.91,8.81,11.3,76.09,1021.56,-71.06,1021.56,0.02,10.55,6.85,-196,9.06,310.73,9.66,10.85,11.400140105105,12.4,0.63,2026-05-29 03:45:40,31,"forum",NA,NA,NA,NA,"rudower south",2026-05-29 05:45:40,5.75,5.86498152819267,"morning",0.374662211060301,0.490140105104981,1.05,1.3792459080651,0.888,0.008
"rudower south",2026-05-29 04:00:00,13.01,9.91,13.23,68.26,1021.64,-72,1021.65,0.59,12.39,7.31,-118.17,10.18,320,11.06,12.99,13.6510375042318,13.8,0.63,2026-05-29 04:44:35,30,"forum",NA,NA,NA,NA,"rudower south",2026-05-29 06:44:35,6.73333333333333,14.1582264910423,"morning",0.59,0.641037504231795,-0.899999999999999,-1.62937708060609,-0.0289999999999999,0.45
"rudower south",2026-05-29 05:00:00,16.21,11.2,15.92,54.23,1021.7,-72.43,1021.7,0.63,14.7,6.96,-3.77,11.63,320,12.93,16.16,15.3557942171858,15.8,0.63,2026-05-29 05:44:35,30,"forum",NA,NA,NA,NA,"rudower south",2026-05-29 07:44:35,7.73333333333333,23.1173548797022,"morning",0.63,-0.854205782814198,-4.48,-10.7629176284718,-1.447,0.214
"rudower south",2026-05-29 07:00:00,19.55,12.02,19.49,40.14,1021.69,-72.33,1021.69,0.88,17.72,5.65,112.25,12.49,320,14.57,19.5,19.3528114772812,18.3,0.63,2026-05-29 07:44:25,24,"forum",NA,NA,NA,NA,"rudower south",2026-05-29 09:44:25,9.73333333333333,41.1245528039326,"morning",0.88,-0.197188522718807,-7.67777777777778,-21.5171311390958,-1.92888888888889,0.0266666666666667
"rudower south",2026-05-29 08:00:00,20.31,12.34,20.5,38.26,1021.48,-70.21,1021.47,1.54,18.73,5.64,141.55,12.77,320,15.04,20.27,21.0992656725713,18,0.63,2026-05-29 08:44:40,29,"forum",NA,NA,NA,NA,"rudower south",2026-05-29 10:44:40,10.7333333333333,49.2392808191851,"midday",1.54,0.789265672571336,-11.87,-30.1914883561204,-3.15,0.566
"rudower south",2026-05-29 09:00:00,21.38,12.63,21.78,35.08,1021.22,-67.73,1021.22,0.5,20.22,5.33,180.69,13.18,320,15.7,21.34,22.4139539316282,20.7,0.63,2026-05-29 09:44:55,26,"forum",NA,NA,NA,NA,"rudower south",2026-05-29 11:44:55,11.7333333333333,55.5963545095165,"midday",0.5,1.03395393162816,-9.58888888888889,-28.1926182890998,-2.96888888888889,-0.338888888888889
"rudower south",2026-05-29 10:00:00,22.95,13.09,23.39,30.93,1020.79,-64.37,1020.79,0.56,21.4,4.89,238.93,13.76,320,16.61,22.9,24.1239663973544,22,0.63,2026-05-29 10:45:00,27,"forum",NA,NA,NA,NA,"rudower south",2026-05-29 12:45:00,12.75,58.8629096220618,"midday",0.56,1.17396639735437,-8.9,-28.6392232609622,-2.235,-0.552
"rudower south",2026-05-29 11:00:00,25.36,13.9,34.76,26.09,1019.93,-57.63,1019.93,1.51,23.24,4.52,331.16,16.39,286.92,20.94,25.31,57.5865571090412,31.8,0.63,2026-05-29 11:45:50,19,"forum",NA,NA,NA,NA,"rudower south",2026-05-29 13:45:50,13.75,57.9733113920326,"midday",1.51,32.2265571090412,-0.559999999999999,2.50341403566924,-1.024,0.412
"rudower south",2026-05-29 12:00:00,24.63,13.91,25.44,28.89,1019.24,-51.93,1019.24,1.62,22.67,5.36,314.81,14.4,320,17.6,24.58,27.921592459153,22.9,0.63,2026-05-29 12:52:00,27,"forum",NA,NA,NA,NA,"rudower south",2026-05-29 14:52:00,14.8666666666667,52.6301329979987,"midday",1.62,3.29159245915298,-9.25555555555556,-25.8158834422809,-2.30555555555556,0.411111111111111
"rudower south",2026-05-29 13:00:00,26.95,15.05,27.33,26.4,1018.69,-47.41,1018.7,0,24.88,6.05,402.05,16.31,237.8,19.54,26.9,27.33,25.6,0.63,2026-05-29 13:39:15,22,"forum",NA,NA,NA,NA,"rudower south",2026-05-29 15:39:15,15.65,46.9623514564552,"midday",0.374662211060301,0.379999999999985,-5.55555555555555,-18.173857913486,-1.30888888888889,-0.684444444444444
"rudower south",2026-05-29 14:00:00,28.01,15.21,34.57,23.73,1018.26,-43.26,1018.26,0,25.76,5.41,441.56,17.36,203.84,21.79,27.96,34.57,28.2,0.63,2026-05-29 14:43:50,27,"forum",NA,NA,NA,NA,"rudower south",2026-05-29 16:43:50,16.7166666666667,37.8923501549486,"afternoon",0.374662211060301,6.55999999999999,-3.28,-8.94825998391281,-1.223,-0.462
"rudower south",2026-05-29 15:00:00,27.39,14.74,33.62,23.43,1017.48,-36.89,1017.47,1.13,25.1,4.69,426.04,16.46,289.15,20.94,27.33,47.0669114245171,30.8,0.63,2026-05-29 15:45:10,27,"forum",NA,NA,NA,NA,"rudower south",2026-05-29 17:45:10,17.75,28.6560948274665,"afternoon",1.13,19.6769114245171,0.73,5.09339571524382,-0.882999999999999,0.221
"rudower south",2026-05-29 16:00:00,27.38,15.05,32.75,24.95,1017.17,-34.33,1017.16,1.15,25.23,5.6,431.37,16.47,295.7,20.78,27.33,44.6506034514506,30.2,0.63,2026-05-29 16:42:55,30,"forum",NA,NA,NA,NA,"rudower south",2026-05-29 18:42:55,18.7,19.8971451172871,"afternoon",1.15,17.2706034514506,3.01,10.6879411455413,0.372,0.264
"rudower south",2026-05-29 17:00:00,26.01,14.52,26.07,27,1016.49,-28.21,1016.49,0.82,23.95,5.57,390.79,15.45,319.02,18.63,25.95,26.1928493437121,24.4,0.63,2026-05-29 17:46:15,28,"forum",NA,NA,NA,NA,"rudower south",2026-05-29 19:46:15,19.7666666666667,10.6268168335494,"afternoon",0.82,0.18284934371211,-2.23,-5.0616691605979,-0.968,0.215
"rudower south",2026-05-29 18:00:00,23.82,14.01,23.94,32.56,1016.34,-27.96,1016.34,0,22.18,6.4,318.69,15.1,253.47,17.75,23.79,23.94,22.7,0.63,2026-05-29 18:44:15,26,"forum",NA,NA,NA,NA,"rudower south",2026-05-29 20:44:15,20.7333333333333,2.77648375824327,"afternoon",0.374662211060301,0.119999999999997,-0.300000000000001,0.436661404855858,-0.387999999999998,-0.022
"rudower south",2026-05-29 19:00:00,23.25,13.84,23.27,34.17,1016.81,-31.89,1016.81,0.2,21.82,6.62,295.07,14.92,271.64,17.42,23.23,23.2880741693754,22.2,0.63,2026-05-29 19:45:15,28,"forum",NA,NA,NA,NA,"rudower south",2026-05-29 21:45:15,21.75,-4.458267251545,"night",0.374662211060301,0.0380741693753635,0.419999999999998,1.1846371852463,0.561,0.167
"rudower south",2026-05-29 20:00:00,21.89,13.69,21.98,39.47,1016.47,-28,1016.47,0.22,20.96,7.51,252.83,14.64,284.75,16.83,21.86,22.067224021102,21.2,0.63,2026-05-29 20:45:05,18,"forum",NA,NA,NA,NA,"rudower south",2026-05-29 22:45:05,22.75,-10.1542017349032,"night",0.374662211060301,0.177224021102049,0.66,1.5443289123325,0.710999999999999,0.087
"rudower south",2026-05-29 21:00:00,21.79,13.42,21.37,38.09,1016.3,-27.61,1016.3,1.14,20.75,6.9,249.3,13.95,320,16.19,21.75,20.2642243769446,19.6,0.63,2026-05-29 21:45:10,23,"forum",NA,NA,NA,NA,"rudower south",2026-05-29 23:45:10,23.75,-14.0863118400182,"night",1.14,-1.52577562305536,-0.59,-0.10898671793138,0.041999999999998,0.449
