Bioclimate measurement campaign Berlin-Adlershof,,,,,,,,,,,
Measurement protocol semi-stationary measurements,,,,,,,,,,,
Route: park,,,,,,,,,,,
Kestrel SN: 2174886,,,,,,,,,,,
HT30 SN 1: 2518981,,,,,,,,,,,
HT30 SN 2 (additional site 2a): 2518994,,,,,,,,,,,
site no,site name,date,start (UTC),end (UTC),latitude (deg N),longitude (deg E),air temperature (degC),relative humidity (%),globe temperature (degC),comment,
1,workoutpark,2026-05-29,03:00:00,03:10:00,52.43635,13.52321,5.6,83,3.7,Kestrel date: 27.Mai 26,
2,courtyard,2026-05-29,03:13:00,03:23:00,52.43483,13.52385,9.4,90,7.8,,
2a,courtyard tree,2026-05-29,03:13:00,03:23:00,52.43514,13.52338,10.3,79.9,10.5,,
3,karl-ziegler east,2026-05-29,03:26:00,03:35:00,52.43489,13.52296,10.1,81.5,9.5,shade,
4,karl-ziegler west,2026-05-29,03:36:00,03:46:00,52.43478,13.52276,8.7,86.7,8.8,shade,
5,skatepark,2026-05-29,03:47:00,03:57:00,52.43514,13.52147,8.9,89.1,8.7,,
1,workoutpark,2026-05-29,04:00:00,04:10:00,52.43635,13.52321,10.1,77.5,10.7,sun on device,
2,courtyard,2026-05-29,04:13:00,04:23:00,52.43483,13.52385,14.5,69.8,26.9,kestrel in sun, ht30 in shadow /black globe in shadow
2a,courtyard tree,2026-05-29,04:13:00,04:23:00,52.43514,13.52338,18.9,46.6,28.1,ht30 in sun,
3,karl-ziegler east,2026-05-29,04:26:00,04:35:00,52.43489,13.52296,12.4,70.3,12.7,start in sun on ht30 not kestrel sphere ; halftime sun on kestrel,
4,karl-ziegler west,2026-05-29,04:36:00,04:46:00,52.43478,13.52276,12.9,69.6,13.7,,
5,skatepark,2026-05-29,04:47:00,04:57:00,52.43514,13.52147,13.6,66.7,13.4,,
1,workoutpark,2026-05-29,05:00:00,05:10:00,52.43635,13.52321,18.7,40.6,32.7,,
2,courtyard,2026-05-29,05:13:00,05:23:00,52.43483,13.52385,21.4,36.4,29,,
2a,courtyard tree,2026-05-29,05:13:00,05:23:00,52.43514,13.52338,18.8,40.3,33.9,,
3,karl-ziegler east,2026-05-29,05:25:00,05:35:00,52.43489,13.52296,15.6,52.8,15.9,,
4,karl-ziegler west,2026-05-29,05:36:00,05:46:00,52.43478,13.52276,16.9,47.9,20.6,,
5,skatepark,2026-05-29,05:48:00,05:57:00,52.43514,13.52147,18.7,37.6,35.1,,
1,workoutpark,2026-05-29,06:00:00,06:10:00,52.43635,13.52321,18.7,34.3,39.1,person working – potential shadow,
2,courtyard,2026-05-29,06:13:00,06:23:00,52.43483,13.52385,18.3,43.7,19.9,shade,
2a,courtyard tree,2026-05-29,06:13:00,06:23:00,52.43514,13.52338,19.1,42,20.9,shade,
3,karl-ziegler east,2026-05-29,06:25:00,06:35:00,52.43489,13.52296,17.9,45.3,18.3,shade,
4,karl-ziegler west,2026-05-29,06:36:00,06:46:00,52.43478,13.52276,23.4,26.8,43.7,sun,
5,skatepark,2026-05-29,06:48:00,06:57:00,52.43514,13.52147,21.3,28.9,38.3,sun ,
1,workoutpark,2026-05-29,07:01:00,07:10:00,52.43635,13.52321,22.3,27.7,40.8,,
2,courtyard,2026-05-29,07:14:00,07:23:00,52.43483,13.52385,20,35.5,20.8,,
2a,courtyard tree,2026-05-29,07:13:00,07:22:00,52.43514,13.52338,21.1,33.6,22.5,,
3,karl-ziegler east,2026-05-29,07:27:00,07:32:00,52.43489,13.52296,19.1,38.1,19.9,passerby at 7:32, shade
4,karl-ziegler west,2026-05-29,07:36:00,07:40:00,52.43478,13.52276,26.4,24.3,44.1,passerby at 7:40, sun
5,skatepark,2026-05-29,07:47:00,07:57:00,52.43514,13.52147,21.8,25,39.3,,
1,workoutpark,2026-05-29,08:00:00,08:10:00,52.43635,13.52321,23.1,22.6,43.1,very sunny,
2,courtyard,2026-05-29,08:13:00,08:23:00,52.43483,13.52385,22.3,25.2,36.6,partly shaded,
2a,courtyard tree,2026-05-29,08:13:00,08:23:00,52.43514,13.52338,20.9,30.6,23.2,,
3,karl-ziegler east,2026-05-29,08:26:00,08:36:00,52.43489,13.52296,20.1,25.7,43,two persons walked by,
4,karl-ziegler west,2026-05-29,08:37:00,08:47:00,52.43478,13.52276,27.7,18.4,43.4,person walked, car drove by
5,skatepark,2026-05-29,08:49:00,08:57:00,52.43514,13.52147,24.4,22.1,41.4,,
1,workoutpark,2026-05-29,09:00:00,09:10:00,52.43635,13.52321,25.8,21.7,43,person pasby 09:03; 09:08 person doing sports,
2,courtyard,2026-05-29,09:13:00,09:23:00,52.43483,13.52385,24.4,20.2,40.8,,
2a,courtyard tree,2026-05-29,09:13:00,09:23:00,52.43514,13.52338,21.9,28,24.6,,
3,karl-ziegler east,2026-05-29,09:25:00,09:35:00,52.43489,13.52296,24.8,23.3,34.5,,
4,karl-ziegler west,2026-05-29,09:36:00,09:46:00,52.43478,13.52276,25.9,20.2,49.7,,
5,skatepark,2026-05-29,09:47:00,09:47:00,52.43514,13.52147,26.9,16.7,44.1,,
1,workoutpark,2026-05-29,10:00:00,10:10:00,52.43635,13.52321,25.9,18.3,45.4,,
2,courtyard,2026-05-29,10:13:00,10:22:00,52.43483,13.52385,20.9,18.9,39.3,,
2a,courtyard tree,2026-05-29,10:13:00,10:23:00,52.43514,13.52338,25.1,24,24.4,,
3,karl-ziegler east,2026-05-29,10:25:00,10:34:00,52.43489,13.52296,26.4,21.2,36.9,,
4,karl-ziegler west,2026-05-29,10:35:00,10:45:00,52.43478,13.52276,23.2,23.3,26.3,ppl pass by at 10:37 & 10:42,
5,skatepark,2026-05-29,10:47:00,10:57:00,52.43514,13.52147,27.1,18.8,41.9,,
1,workoutpark,2026-05-29,11:00:00,11:10:00,52.43635,13.52321,25.1,18,43.4,4 ppl workin,
2,courtyard,2026-05-29,11:13:00,11:23:00,52.43483,13.52385,29.6,16.2,42.9,3 kids playin; very sunny,
2a,courtyard tree,2026-05-29,11:14:00,11:23:00,52.43514,13.52338,23.5,21.7,27.3,,
3,karl-ziegler east,2026-05-29,11:26:00,11:35:00,52.43489,13.52296,29.2,19.2,46.6,,
4,karl-ziegler west,2026-05-29,11:36:00,11:45:00,52.43478,13.52276,25.8,20.3,25.9,11.40 ppl walked,
5,skatepark,2026-05-29,11:47:00,11:57:00,52.43514,13.52147,28.1,14.2,43.8,,
1,workoutpark,2026-05-29,12:00:00,12:10:00,52.43635,13.52321,28.5,12.6,45.6,3 ppl workin,
2,courtyard,2026-05-29,12:13:00,12:23:00,52.43483,13.52385,28.5,14.8,43.1,,
2a,courtyard tree,2026-05-29,12:15:00,12:23:00,52.43514,13.52338,24.6,19.1,28.6,,
3,karl-ziegler east,2026-05-29,12:25:00,12:35:00,52.43489,13.52296,28.3,15.8,43.3,,
4,karl-ziegler west,2026-05-29,12:36:00,12:45:00,52.43478,13.52276,24.9,22.1,24.2,2 ppl walkin,
5,skatepark,2026-05-29,12:47:00,12:57:00,52.43514,13.52147,28.6,16.4,42.3,2 kids standin,
1,workoutpark,2026-05-29,13:00:00,13:10:00,52.43635,13.52321,27.8,16.2,44.3,very sunny,
2,courtyard,2026-05-29,13:13:00,13:23:00,52.43483,13.52385,26.8,14.1,39.1,very sunny – 3 kids playin,
2a,courtyard tree,2026-05-29,13:13:00,13:22:00,52.43514,13.52338,27.4,20,33.6,90% shadow / 10% light – height made the diffrence,
3,karl-ziegler east,2026-05-29,13:25:00,13:35:00,52.43489,13.52296,28.3,14.4,46.5,person walking by,
4,karl-ziegler west,2026-05-29,13:36:00,13:46:00,52.43478,13.52276,26.2,21,26.6,person walking by,
5,skatepark,2026-05-29,13:47:00,13:57:00,52.43514,13.52147,31.7,13.3,46.1,person walking by,
1,workoutpark,2026-05-29,14:00:00,14:10:00,52.43635,13.52321,28.1,14.4,47.2,2 ppl doin sports,
2,courtyard,2026-05-29,14:13:00,14:23:00,52.43483,13.52385,28.9,12.3,49.2,four kids playin 15 meters away,
2a,courtyard tree,2026-05-29,14:13:00,14:23:00,52.43514,13.52338,27.8,10,29.3,90% shadow / 10% light – height made the diffrence,
3,karl-ziegler east,2026-05-29,14:25:00,14:35:00,52.43489,13.52296,29.2,13.3,27.8,passerbyes,
4,karl-ziegler west,2026-05-29,14:36:00,14:46:00,52.43478,13.52276,27.1,19.2,27.8,,
5,skatepark,2026-05-29,14:47:00,14:57:00,52.43514,13.52147,29.2,14.2,43.6,,
1,workoutpark,2026-05-29,15:00:00,15:10:00,52.43635,13.52321,29.2,15.5,39.3,person working out – slight shadow from pole,
2,courtyard,2026-05-29,15:13:00,15:22:00,52.43483,13.52385,27.4,15.4,35.3,two kids playin,
2a,courtyard tree,2026-05-29,15:13:00,15:23:00,52.43514,13.52338,26.7,17.8,29.7,90% shadow / 10% light – height made the diffrence,
3,karl-ziegler east,2026-05-29,15:25:00,15:34:00,52.43489,13.52296,27.7,17.7,31.3,fully in shade,
4,karl-ziegler west,2026-05-29,15:35:00,15:46:00,52.43478,13.52276,26.6,17.8,28.2,,
5,skatepark,2026-05-29,15:47:00,15:57:00,52.43514,13.52147,27.3,18.7,30.6,cloudy (sun fully covered),
1,workoutpark,2026-05-29,16:00:00,16:10:00,52.43635,13.52321,26.8,22.1,28.9,,
2,courtyard,2026-05-29,16:13:00,16:22:00,52.43483,13.52385,26.1,19.9,28.9,suns coming out behind cloud,
2a,courtyard tree,2026-05-29,16:13:00,16:23:00,52.43514,13.52338,23.9,21,26.7,,
3,karl-ziegler east,2026-05-29,16:25:00,16:35:00,52.43489,13.52296,27.1,19.4,30.8,100% shade,
4,karl-ziegler west,2026-05-29,16:35:00,16:43:00,52.43478,13.52276,26.4,21.9,26.9,100% shade,
5,skatepark,2026-05-29,16:48:00,16:57:00,52.43514,13.52147,27.7,17.5,36.7,kids skatin around,
1,workoutpark,2026-05-29,17:00:00,17:10:00,52.43635,13.52321,30.2,17.5,38.7,2 ppl workin out,
2,courtyard,2026-05-29,17:13:00,17:22:00,52.43483,13.52385,26.1,21.1,27.1,fully shaded,
2a,courtyard tree,2026-05-29,17:13:00,17:23:00,52.43514,13.52338,26,21.3,25.8,fully shaded,
3,karl-ziegler east,2026-05-29,17:25:00,17:35:00,52.43489,13.52296,27.6,18.8,34.9,fully sunny,
4,karl-ziegler west,2026-05-29,17:35:00,17:46:00,52.43478,13.52276,25.4,24,25.4,fully shaded,
5,skatepark,2026-05-29,17:48:00,17:57:00,52.43514,13.52147,29.3,19.7,33.4,Sunny 100%,
1,workoutpark,2026-05-29,18:00:00,18:10:00,52.43635,13.52321,23.9,41.5,22.6,many ppl workin out,
2,courtyard,2026-05-29,18:13:00,18:22:00,52.43483,13.52385,23.4,30.9,22.6,,
2a,courtyard tree,2026-05-29,18:13:00,18:23:00,52.43514,13.52338,24,28.3,23.4,,
3,karl-ziegler east,2026-05-29,18:25:00,18:35:00,52.43489,13.52296,24.1,31.1,23.6,ppls walkin by – sun down low behind clouds,
4,karl-ziegler west,2026-05-29,18:36:00,18:45:00,52.43478,13.52276,23.2,31.3,22.4,,
5,skatepark,2026-05-29,18:46:00,18:57:00,52.43514,13.52147,23.8,31.6,22.6,,
1,workoutpark,2026-05-29,19:00:00,19:10:00,52.43635,13.52321,20.7,54.3,19.3,3 ppl workin out,
2,courtyard,2026-05-29,19:13:00,19:23:00,52.43483,13.52385,22.1,35.6,21.4,,
2a,courtyard tree,2026-05-29,19:15:00,19:23:00,52.43514,13.52338,23.6,48,22.2,,
3,karl-ziegler east,2026-05-29,19:30:00,19:35:00,52.43489,13.52296,22.9,34.6,22,4 ppl & 2 small dogs walked by,
4,karl-ziegler west,2026-05-29,19:37:00,19:46:00,52.43478,13.52276,21.8,39.1,20.9,,
5,skatepark,2026-05-29,19:49:00,19:57:00,52.43514,13.52147,21.2,43.9,20,,
1,workoutpark,2026-05-29,20:00:00,20:10:00,52.43635,13.52321,17.8,67.4,16.4,,
2,courtyard,2026-05-29,20:16:00,20:23:00,52.43483,13.52385,20.2,47.6,19.4,,
2a,courtyard tree,2026-05-29,20:14:00,20:23:00,52.43514,13.52338,23.3,35.4,21.1,light used to read value,
3,karl-ziegler east,2026-05-29,20:27:00,20:35:00,52.43489,13.52296,20.8,45.8,20.2,light used to read value,
4,karl-ziegler west,2026-05-29,20:36:00,20:46:00,52.43478,13.52276,21.3,42.1,20.1,light used to read value,
5,skatepark,2026-05-29,20:49:00,20:57:00,52.43514,13.52147,21.2,42.3,20.6,light used to read value,
1,workoutpark,2026-05-29,21:01:00,21:10:00,52.43635,13.52321,20.8,43.3,19.4,light used to read value,
2,courtyard,2026-05-29,21:15:00,21:23:00,52.43483,13.52385,21,37.8,20.7,light used to read value,
2a,courtyard tree,2026-05-29,21:18:00,21:23:00,52.43514,13.52338,22.4,34,21.3,light used to read value,
3,karl-ziegler east,2026-05-29,21:26:00,21:35:00,52.43489,13.52296,21.6,37.4,21.2,light used to read value,
4,karl-ziegler west,2026-05-29,21:36:00,21:46:00,52.43478,13.52276,22.3,32.7,21.2,light used to read value,
5,skatepark,2026-05-29,21:49:00,21:57:00,52.43514,13.52147,21.7,38.2,21.4,light used to read value,
