Bioclimate measurement campaign Berlin-Adlershof,,,,,,,,,,
Measurement protocol semi-stationary measurements,,,,,,,,,,
Route: forum,,,,,,,,,,
Kestrel SN: 3098426,,,,,,,,,,
HT30 SN 1: 2519066,,,,,,,,,,
HT30 SN 2 (additional sites 4a, 5a): 2518991,,,,,,,,,
site no,site name,date,start (UTC),end (UTC),latitude (deg N),longitude (deg E),air temperature (degC),relative humidity (%),globe temperature (degC),comment
1,forum,2026-05-29,03:00:00,03:10:50,52.43124,13.53229,10.7,84.3,9.9,
2,einsteinpark,2026-05-29,03:13:30,03:23:07,52.43026,13.5341,8.7,93.7,7.9,
3,kekulepark,2026-05-29,03:24:47,03:33:50,52.42998,13.5332,9.5,89.7,9.2,
4,rudower south,2026-05-29,03:38:10,03:48:12,52.42964,13.5303,11.1,78.6,10.5,
4a,rudower south shelter,2026-05-29,03:38:10,03:47:15,52.42966,13.53035,12.2,69,11.9,
5,rudower north,2026-05-29,03:49:54,03:58:10,52.42983,13.53004,14,60.7,19,
5a,rudower north shelter,2026-05-29,03:49:54,03:57:30,52.42986,13.53009,15.7,52.3,25.4,
1,forum,2026-05-29,04:02:35,04:09:30,52.43124,13.53229,12.3,72.1,11.7,
2,einsteinpark,2026-05-29,04:12:32,04:22:05,52.43026,13.5341,10.4,81.7,10.1,
3,kekulepark,2026-05-29,04:24:00,04:33:00,52.42998,13.5332,12.1,75.7,12.1,
4,rudower south,2026-05-29,04:37:10,04:47:00,52.42964,13.5303,12.9,69.8,12.4,
4a,rudower south shelter,2026-05-29,04:37:10,04:46:00,52.42966,13.53035,13.2,63.5,13.6,
5,rudower north,2026-05-29,04:48:25,04:58:12,52.42983,13.53004,19.7,43.1,30.9,
5a,rudower north shelter,2026-05-29,04:48:25,04:56:30,52.42986,13.53009,21.6,38.2,29.1,
1,forum,2026-05-29,05:02:18,05:10:32,52.43124,13.53229,17.6,46.4,27.7,
2,einsteinpark,2026-05-29,05:13:42,05:22:12,52.43026,13.5341,18.4,40.7,28.4,
3,kekulepark,2026-05-29,05:24:00,05:33:30,52.42998,13.5332,16.4,51.2,18.7,
4,rudower south,2026-05-29,05:37:05,05:47:06,52.42964,13.5303,15.6,55,16.2,
4a,rudower south shelter,2026-05-29,05:37:05,05:46:10,52.42966,13.53035,16.6,50.7,16.4,
5,rudower north,2026-05-29,05:48:04,05:58:15,52.42983,13.53004,22.1,33.1,35.9,
5a,rudower north shelter,2026-05-29,05:48:04,05:57:00,52.42986,13.53009,26.3,24.3,40.4,
1,forum,2026-05-29,06:02:20,06:10:56,52.43124,13.53229,22.7,35.3,34.6,
2,einsteinpark,2026-05-29,06:14:37,06:22:25,52.43026,13.5341,18.7,35.2,32,
3,kekulepark,2026-05-29,06:24:05,06:33:18,52.42998,13.5332,19.6,41.8,21.5,
4,rudower south,2026-05-29,06:36:50,06:37:18,52.42964,13.5303,18.6,45.8,18.1,
4a,rudower south shelter,2026-05-29,06:36:50,06:46:20,52.42966,13.53035,18.7,41.6,18.6,
5,rudower north,2026-05-29,06:49:20,06:58:33,52.42983,13.53004,21.6,30.5,41.1,
5a,rudower north shelter,2026-05-29,06:49:20,06:57:44,52.42986,13.53009,27.5,20,42.2,
1,forum,2026-05-29,07:02:39,07:09:44,52.43124,13.53229,21.8,27.6,35.6,
2,einsteinpark,2026-05-29,07:12:45,07:22:05,52.43026,13.5341,20.7,30.1,38.1,
3,kekulepark,2026-05-29,07:23:58,07:33:50,52.42998,13.5332,19.9,33.6,24.9,
4,rudower south,2026-05-29,07:37:29,07:46:24,52.42964,13.5303,19.2,37.5,19,
4a,rudower south shelter,2026-05-29,07:37:29,07:46:24,52.42966,13.53035,20.2,34.4,20.4,
5,rudower north,2026-05-29,07:50:18,07:58:12,52.42983,13.53004,27.7,23.7,43.5,
5a,rudower north shelter,2026-05-29,07:50:18,07:57:43,52.42986,13.53009,29.7,17.5,47.8,
1,forum,2026-05-29,08:01:23,08:10:13,52.43124,13.53229,22.1,27.1,37.9,
2,einsteinpark,2026-05-29,08:13:12,08:22:05,52.43026,13.5341,23.3,24.5,41.3,
3,kekulepark,2026-05-29,08:24:05,08:33:36,52.42998,13.5332,22.6,24.2,44.8,
4,rudower south,2026-05-29,08:37:12,08:47:07,52.42964,13.5303,19.8,33.9,20.3,
4a,rudower south shelter,2026-05-29,08:37:12,08:46:41,52.42966,13.53035,21.4,31.1,21.7,
5,rudower north,2026-05-29,08:48:19,08:58:05,52.42983,13.53004,24.2,21.5,47.5,
5a,rudower north shelter,2026-05-29,08:48:19,08:57:30,52.42986,13.53009,27.1,19.5,34.8,
1,forum,2026-05-29,09:01:51,09:10:20,52.43124,13.53229,23.1,17.5,46.1,
2,einsteinpark,2026-05-29,09:14:27,09:22:08,52.43026,13.5341,22.7,22.1,45.8,
3,kekulepark,2026-05-29,09:24:03,09:34:02,52.42998,13.5332,23.9,26.4,25.7,
4,rudower south,2026-05-29,09:37:47,09:47:02,52.42964,13.5303,20.9,31.8,21,
4a,rudower south shelter,2026-05-29,09:37:47,09:47:02,52.42966,13.53035,22.8,27,22.3,
5,rudower north,2026-05-29,09:48:37,09:57:30,52.42983,13.53004,27.2,18.3,45.6,
5a,rudower north shelter,2026-05-29,09:48:37,09:57:05,52.42986,13.53009,25.9,21.8,31.8,
1,forum,2026-05-29,10:02:04,10:09:58,52.43124,13.53229,24.3,19.5,44.8,
2,einsteinpark,2026-05-29,10:13:50,10:21:58,52.43026,13.5341,27.1,18.5,45.9,
3,kekulepark,2026-05-29,10:23:49,10:34:00,52.42998,13.5332,23.5,25.4,26.3,
4,rudower south,2026-05-29,10:37:50,10:47:11,52.42964,13.5303,22.7,26.5,22.6,
4a,rudower south shelter,2026-05-29,10:37:50,10:48:58,52.42966,13.53035,23.8,24.4,24.6,
5,rudower north,2026-05-29,10:48:27,10:57:20,52.42983,13.53004,25.4,18.1,41.3,
5a,rudower north shelter,2026-05-29,10:48:37,10:56:54,52.42986,13.53009,28.4,18.1,32.2,
1,forum,2026-05-29,11:01:55,11:09:54,52.43124,13.53229,25.8,18,40,
2,einsteinpark,2026-05-29,11:13:26,11:22:55,52.43026,13.5341,26.9,16,47,
3,kekulepark,2026-05-29,11:25:33,11:34:20,52.42998,13.5332,24.5,20.5,26.6,
4,rudower south,2026-05-29,11:39:14,11:47:20,52.42964,13.5303,24.6,17.5,39.9,
4a,rudower south shelter,2026-05-29,11:39:25,11:46:50,52.42966,13.53035,27.1,17.9,31.7,
5,rudower north,2026-05-29,11:50:10,11:57:10,52.42983,13.53004,30.4,15.6,30.6,
5a,rudower north shelter,2026-05-29,11:50:10,11:57:10,52.42986,13.53009,29.2,14.3,44.2,
1,forum,2026-05-29,12:02:33,12:10:40,52.43124,13.53229,25.5,15.2,44,
2,einsteinpark,2026-05-29,12:18:55,12:28:08,52.43026,13.5341,26.1,14.2,47.3,
3,kekulepark,2026-05-29,12:30:22,12:40:04,52.42998,13.5332,25.1,21.8,27.1,
4,rudower south,2026-05-29,12:44:49,12:54:12,52.42964,13.5303,24.8,23.1,24.9,
4a,rudower south shelter,2026-05-29,12:44:49,12:54:12,52.42966,13.53035,30.7,13.5,43.9,
5,rudower north,2026-05-29,12:57:29,13:07:04,52.42983,13.53004,28.9,15.7,45.7,
5a,rudower north shelter,2026-05-29,12:57:29,13:07:04,52.42986,13.53009,29.8,16.3,33.2,
1,forum,2026-05-29,13:12:45,13:20:22,52.43124,13.53229,29.6,14.3,43.6,
2,einsteinpark,2026-05-29,13:21:00,13:21:01,52.43026,13.5341,NA,NA,NA,skipped due to lack of time
3,kekulepark,2026-05-29,13:22:58,13:29:01,52.42998,13.5332,27.4,19.3,28.2,
4,rudower south,2026-05-29,13:32:25,13:41:04,52.42964,13.5303,25.8,20.2,26.8,
4a,rudower south shelter,2026-05-29,13:32:25,13:41:04,52.42966,13.53035,32.3,12.4,41.3,
5,rudower north,2026-05-29,13:43:54,13:53:00,52.42983,13.53004,30.4,13.7,47.2,
5a,rudower north shelter,2026-05-29,13:43:54,13:53:00,52.42986,13.53009,29.8,17.3,32.1,
1,forum,2026-05-29,14:01:07,14:10:00,52.43124,13.53229,27.7,14.1,42.9,
2,einsteinpark,2026-05-29,14:13:25,14:21:19,52.43026,13.5341,29.9,11.6,48.8,
3,kekulepark,2026-05-29,14:23:09,14:33:01,52.42998,13.5332,27.4,16.3,31.2,
4,rudower south,2026-05-29,14:36:31,14:46:01,52.42964,13.5303,27.8,15.6,42.2,
4a,rudower south shelter,2026-05-29,14:36:31,14:46:01,52.42966,13.53035,31.4,13.8,40.9,
5,rudower north,2026-05-29,14:47:27,14:57:01,52.42983,13.53004,27.5,16.8,29.3,
5a,rudower north shelter,2026-05-29,14:47:27,14:57:01,52.42986,13.53009,29.4,16,31.1,
1,forum,2026-05-29,15:01:00,15:10:10,52.43124,13.53229,27.9,13,43.6,
2,einsteinpark,2026-05-29,15:14:00,15:23:15,52.43026,13.5341,28.6,11.9,41.5,
3,kekulepark,2026-05-29,15:25:02,15:34:13,52.42998,13.5332,27.6,18.2,29.9,
4,rudower south,2026-05-29,15:37:54,15:47:25,52.42964,13.5303,27.5,15.6,34.2,
4a,rudower south shelter,2026-05-29,15:37:54,15:47:25,52.42966,13.53035,33.6,11.5,36.6,
5,rudower north,2026-05-29,15:49:25,15:58:15,52.42983,13.53004,27.3,17.5,28.7,
5a,rudower north shelter,2026-05-29,15:49:25,15:58:15,52.42986,13.53009,28.7,15.4,29.4,
1,forum,2026-05-29,16:01:55,16:10:40,52.43124,13.53229,27,18.4,28.9,cloudy conditions
2,einsteinpark,2026-05-29,16:12:45,16:21:15,52.43026,13.5341,27,21.2,29.6,
3,kekulepark,2026-05-29,16:22:42,16:32:02,52.42998,13.5332,26.7,19,28.4,
4,rudower south,2026-05-29,16:35:25,16:45:25,52.42964,13.5303,26.7,29.2,28.6,
4a,rudower south shelter,2026-05-29,16:35:25,16:45:25,52.42966,13.53035,29.4,17.2,31.4,
5,rudower north,2026-05-29,16:47:27,16:57:25,52.42983,13.53004,27.2,19,27.6,
5a,rudower north shelter,2026-05-29,16:47:27,16:57:25,52.42986,13.53009,27.8,18.1,20.6,
1,forum,2026-05-29,17:01:05,17:10:25,52.43124,13.53229,26.8,19.6,27.7,
2,einsteinpark,2026-05-29,17:14:00,17:24:02,52.43026,13.5341,28,29.5,35.1,
3,kekulepark,2026-05-29,17:26:19,17:35:19,52.42998,13.5332,25.3,20.9,26.2,
4,rudower south,2026-05-29,17:38:54,17:48:32,52.42964,13.5303,25.9,22.2,25.6,
4a,rudower south shelter,2026-05-29,17:38:54,17:48:32,52.42966,13.53035,27.1,21.3,27.6,
5,rudower north,2026-05-29,17:49:40,17:58:35,52.42983,13.53004,25.7,22.9,26.1,
5a,rudower north shelter,2026-05-29,17:49:40,17:58:35,52.42986,13.53009,26.9,20.2,27.6,
1,forum,2026-05-29,18:05:25,18:10:30,52.43124,13.53229,26.1,23.7,25.2,
2,einsteinpark,2026-05-29,18:13:09,18:22:58,52.43026,13.5341,23.2,32.6,22.1,
3,kekulepark,2026-05-29,18:24:39,18:33:36,52.42998,13.5332,22.9,30.1,22.6,
4,rudower south,2026-05-29,18:37:02,18:46:24,52.42964,13.5303,24.3,28.4,23.1,
4a,rudower south shelter,2026-05-29,18:37:02,18:46:24,52.42966,13.53035,25.9,30.9,24.9,
5,rudower north,2026-05-29,18:47:47,18:56:50,52.42983,13.53004,24.8,28.1,24.1,
5a,rudower north shelter,2026-05-29,18:47:47,18:56:50,52.42986,13.53009,26.2,25,25.6,
1,forum,2026-05-29,19:00:42,19:09:40,52.43124,13.53229,24.6,28,23.6,
2,einsteinpark,2026-05-29,19:13:27,19:22:02,52.43026,13.5341,23,37.6,21.2,
3,kekulepark,2026-05-29,19:24:00,19:33:25,52.42998,13.5332,22.6,34.1,21.7,
4,rudower south,2026-05-29,19:37:55,19:47:36,52.42964,13.5303,23.3,31.1,22.4,
4a,rudower south shelter,2026-05-29,19:37:55,19:47:36,52.42966,13.53035,24,30.6,24,
5,rudower north,2026-05-29,19:49:02,19:58:25,52.42983,13.53004,23.7,31.6,22.9,
5a,rudower north shelter,2026-05-29,19:49:02,19:58:25,52.42986,13.53009,24.6,29.1,24.6,
1,forum,2026-05-29,20:02:45,20:09:59,52.43124,13.53229,22.5,36.4,21.8,
2,einsteinpark,2026-05-29,20:13:30,20:22:06,52.43026,13.5341,20.4,46.2,19,
3,kekulepark,2026-05-29,20:24:15,20:33:56,52.42998,13.5332,20.7,44.1,20.1,
4,rudower south,2026-05-29,20:38:40,20:46:30,52.42964,13.5303,21,37.6,20.8,
4a,rudower south shelter,2026-05-29,20:38:40,20:46:30,52.42966,13.53035,23.2,36.2,22.7,
5,rudower north,2026-05-29,20:48:15,20:57:40,52.42983,13.53004,22.1,36.5,22.1,
5a,rudower north shelter,2026-05-29,20:48:15,20:57:40,52.42986,13.53009,24.2,31.6,23.8,
1,forum,2026-05-29,21:02:59,21:09:40,52.43124,13.53229,22.6,35.9,21.4,
2,einsteinpark,2026-05-29,21:13:00,21:21:44,52.43026,13.5341,20.4,42.2,19.8,
3,kekulepark,2026-05-29,21:23:57,21:33:57,52.42998,13.5332,21.4,41.3,20.4,
4,rudower south,2026-05-29,21:38:20,21:47:03,52.42964,13.5303,21.9,35.2,20.8,
4a,rudower south shelter,2026-05-29,21:38:20,21:47:03,52.42966,13.53035,22.4,33.3,22.1,
5,rudower north,2026-05-29,21:48:50,21:58:20,52.42983,13.53004,22.8,26.3,22.1,
5a,rudower north shelter,2026-05-29,21:48:50,21:58:20,52.42986,13.53009,23,33.5,23,
